Category,Death_Cases_Barisal,Death_Rate_Barisal,Confirmed_Cases_Barisal,Confirmed_Rate_Barisal,Death_Cases_CTG,Death_Rate_CTG,Confirmed_Cases_CTG,Confirmed_Rate_CTG,Death_Cases_DHK,Death_Rate_DHK,Confirmed_Cases_DHK,Confirmed_Rate_DHK,Death_Cases_Khulna,Death_Rate_Khulna,Confirmed_Cases_Khulna,Confirmed_Rate_Khulna,Death_Cases_Msingh,Death_Rate_Msingh,Confirmed_Cases_Msingh,Confirmed_Rate_Msingh,Death_Cases_Rajshahi,Death_Rate_Rajshahi,Confirmed_Cases_Rajshahi,Confirmed_Rate_Rajshahi,Death_Cases_Rangpur,Death_Rate_Rangpur,Confirmed_Cases_Rangpur,Confirmed_Rate_Rangpur,Death_Cases_sylhet,Death_Rate_sylhet,Confirmed_Cases_sylhet,Confirmed_Rate_sylhet
March-18,1,25.0,1,25.0,1,25.0,1,25.0,1,25.0,1,25.0,1,25.0,1,25.0,1,25.0,1.0,25.0,1,25.0,1,25.0,1,25.0,1.0,25.0,1,25.0,1,25.0
March-21,1,25.0,1,25.0,1,25.0,1,25.0,1,25.0,1,25.0,1,25.0,1,25.0,1,25.0,1.0,25.0,1,25.0,1,25.0,1,25.0,1.0,25.0,1,25.0,1,25.0
March-23,1,16.7,1,16.7,1,16.7,1,16.7,1,16.7,1,16.7,1,16.7,1,16.7,1,16.7,1.0,16.7,1,16.7,1,16.7,1,16.7,1.0,16.7,1,16.7,1,16.7
March-24,1,16.7,1,16.7,1,16.7,1,16.7,1,16.7,1,16.7,1,16.7,1,16.7,1,16.7,1.0,16.7,1,16.7,1,16.7,1,16.7,1.0,16.7,1,16.7,1,16.7
March-25,1,0.0,1,0.0,1,0.0,1,0.0,1,0.0,1,0.0,1,0.0,1,0.0,1,0.0,1.0,0.0,1,0.0,1,0.0,1,0.0,1.0,0.0,1,0.0,1,0.0
April-01,1,33.3,1,33.3,1,33.3,1,33.3,1,33.3,1,33.3,1,33.3,1,33.3,1,33.3,1.0,33.3,1,33.3,1,33.3,1,33.3,1.0,33.3,1,33.3,1,33.3
April-04,2,22.2,2,22.2,2,22.2,2,22.2,2,22.2,2,22.2,2,22.2,2,22.2,2,22.2,2.0,22.2,2,22.2,2,22.2,2,22.2,2.0,22.2,2,22.2,2,22.2
April-05,1,5.6,1,5.6,1,5.6,1,5.6,1,5.6,1,5.6,1,5.6,1,5.6,1,5.6,1.0,5.6,1,5.6,1,5.6,1,5.6,1.0,5.6,1,5.6,1,5.6
April-06,3,8.6,3,8.6,3,8.6,3,8.6,3,8.6,3,8.6,3,8.6,3,8.6,3,8.6,3.0,8.6,3,8.6,3,8.6,3,8.6,3.0,8.6,3,8.6,3,8.6
April-07,5,12.2,5,12.2,5,12.2,5,12.2,5,12.2,5,12.2,5,12.2,5,12.2,5,12.2,5.0,12.2,5,12.2,5,12.2,5,12.2,5.0,12.2,5,12.2,5,12.2
April-08,3,5.6,3,5.6,3,5.6,3,5.6,3,5.6,3,5.6,3,5.6,3,5.6,3,5.6,3.0,5.6,3,5.6,3,5.6,3,5.6,3.0,5.6,3,5.6,3,5.6
April-09,1,0.9,1,0.9,1,0.9,1,0.9,1,0.9,1,0.9,1,0.9,1,0.9,1,0.9,1.0,0.9,1,0.9,1,0.9,1,0.9,1.0,0.9,1,0.9,1,0.9
April-10,6,6.4,6,6.4,6,6.4,6,6.4,6,6.4,6,6.4,6,6.4,6,6.4,6,6.4,6.0,6.4,6,6.4,6,6.4,6,6.4,6.0,6.4,6,6.4,6,6.4
April-11,3,5.2,3,5.2,3,5.2,3,5.2,3,5.2,3,5.2,3,5.2,3,5.2,3,5.2,3.0,5.2,3,5.2,3,5.2,3,5.2,3.0,5.2,3,5.2,3,5.2
April-12,4,2.9,4,2.9,4,2.9,4,2.9,4,2.9,4,2.9,4,2.9,4,2.9,4,2.9,4.0,2.9,4,2.9,4,2.9,4,2.9,4.0,2.9,4,2.9,4,2.9
April-13,5,2.7,5,2.7,5,2.7,5,2.7,5,2.7,5,2.7,5,2.7,5,2.7,5,2.7,5.0,2.7,5,2.7,5,2.7,5,2.7,5.0,2.7,5,2.7,5,2.7
April-14,7,3.3,7,3.3,7,3.3,7,3.3,7,3.3,7,3.3,7,3.3,7,3.3,7,3.3,7.0,3.3,7,3.3,7,3.3,7,3.3,7.0,3.3,7,3.3,7,3.3
April-15,4,1.8,4,1.8,4,1.8,4,1.8,4,1.8,4,1.8,4,1.8,4,1.8,4,1.8,4.0,1.8,4,1.8,4,1.8,4,1.8,4.0,1.8,4,1.8,4,1.8
April-16,10,2.9,10,2.9,10,2.9,10,2.9,10,2.9,10,2.9,10,2.9,10,2.9,10,2.9,10.0,2.9,10,2.9,10,2.9,10,2.9,10.0,2.9,10,2.9,10,2.9
April-17,15,5.6,15,5.6,15,5.6,15,5.6,15,5.6,15,5.6,15,5.6,15,5.6,15,5.6,15.0,5.6,15,5.6,15,5.6,15,5.6,15.0,5.6,15,5.6,15,5.6
April-18,9,2.9,9,2.9,9,2.9,9,2.9,9,2.9,9,2.9,9,2.9,9,2.9,9,2.9,9.0,2.9,9,2.9,9,2.9,9,2.9,9.0,2.9,9,2.9,9,2.9
April-19,7,2.2,7,2.2,7,2.2,7,2.2,7,2.2,7,2.2,7,2.2,7,2.2,7,2.2,7.0,2.2,7,2.2,7,2.2,7,2.2,7.0,2.2,7,2.2,7,2.2
April-20,10,2.0,10,2.0,10,2.0,10,2.0,10,2.0,10,2.0,10,2.0,10,2.0,10,2.0,10.0,2.0,10,2.0,10,2.0,10,2.0,10.0,2.0,10,2.0,10,2.0
April-21,9,2.1,9,2.1,9,2.1,9,2.1,9,2.1,9,2.1,9,2.1,9,2.1,9,2.1,9.0,2.1,9,2.1,9,2.1,9,2.1,9.0,2.1,9,2.1,9,2.1
April-22,10,2.6,10,2.6,10,2.6,10,2.6,10,2.6,10,2.6,10,2.6,10,2.6,10,2.6,10.0,2.6,10,2.6,10,2.6,10,2.6,10.0,2.6,10,2.6,10,2.6
April-23,7,1.7,7,1.7,7,1.7,7,1.7,7,1.7,7,1.7,7,1.7,7,1.7,7,1.7,7.0,1.7,7,1.7,7,1.7,7,1.7,7.0,1.7,7,1.7,7,1.7
April-24,4,0.8,4,0.8,4,0.8,4,0.8,4,0.8,4,0.8,4,0.8,4,0.8,4,0.8,4.0,0.8,4,0.8,4,0.8,4,0.8,4.0,0.8,4,0.8,4,0.8
April-25,9,2.9,9,2.9,9,2.9,9,2.9,9,2.9,9,2.9,9,2.9,9,2.9,9,2.9,9.0,2.9,9,2.9,9,2.9,9,2.9,9.0,2.9,9,2.9,9,2.9
April-26,5,1.2,5,1.2,5,1.2,5,1.2,5,1.2,5,1.2,5,1.2,5,1.2,5,1.2,5.0,1.2,5,1.2,5,1.2,5,1.2,5.0,1.2,5,1.2,5,1.2
April-27,7,1.4,7,1.4,7,1.4,7,1.4,7,1.4,7,1.4,7,1.4,7,1.4,7,1.4,7.0,1.4,7,1.4,7,1.4,7,1.4,7.0,1.4,7,1.4,7,1.4
April-28,3,0.5,3,0.5,3,0.5,3,0.5,3,0.5,3,0.5,3,0.5,3,0.5,3,0.5,3.0,0.5,3,0.5,3,0.5,3,0.5,3.0,0.5,3,0.5,3,0.5
April-29,8,1.2,8,1.2,8,1.2,8,1.2,8,1.2,8,1.2,8,1.2,8,1.2,8,1.2,8.0,1.2,8,1.2,8,1.2,8,1.2,8.0,1.2,8,1.2,8,1.2
April-30,5,0.9,5,0.9,5,0.9,5,0.9,5,0.9,5,0.9,5,0.9,5,0.9,5,0.9,5.0,0.9,5,0.9,5,0.9,5,0.9,5.0,0.9,5,0.9,5,0.9
May-01,2,0.4,2,0.4,2,0.4,2,0.4,2,0.4,2,0.4,2,0.4,2,0.4,2,0.4,2.0,0.4,2,0.4,2,0.4,2,0.4,2.0,0.4,2,0.4,2,0.4
May-02,5,0.9,5,0.9,5,0.9,5,0.9,5,0.9,5,0.9,5,0.9,5,0.9,5,0.9,5.0,0.9,5,0.9,5,0.9,5,0.9,5.0,0.9,5,0.9,5,0.9
May-03,2,0.3,2,0.3,2,0.3,2,0.3,2,0.3,2,0.3,2,0.3,2,0.3,2,0.3,2.0,0.3,2,0.3,2,0.3,2,0.3,2.0,0.3,2,0.3,2,0.3
May-04,5,0.7,5,0.7,5,0.7,5,0.7,5,0.7,5,0.7,5,0.7,5,0.7,5,0.7,5.0,0.7,5,0.7,5,0.7,5,0.7,5.0,0.7,5,0.7,5,0.7
May-05,1,0.1,1,0.1,1,0.1,1,0.1,1,0.1,1,0.1,1,0.1,1,0.1,1,0.1,1.0,0.1,1,0.1,1,0.1,1,0.1,1.0,0.1,1,0.1,1,0.1
May-06,3,0.4,3,0.4,3,0.4,3,0.4,3,0.4,3,0.4,3,0.4,3,0.4,3,0.4,3.0,0.4,3,0.4,3,0.4,3,0.4,3.0,0.4,3,0.4,3,0.4
May-07,13,1.8,13,1.8,13,1.8,13,1.8,13,1.8,13,1.8,13,1.8,13,1.8,13,1.8,13.0,1.8,13,1.8,13,1.8,13,1.8,13.0,1.8,13,1.8,13,1.8
May-08,7,1.0,7,1.0,7,1.0,7,1.0,7,1.0,7,1.0,7,1.0,7,1.0,7,1.0,7.0,1.0,7,1.0,7,1.0,7,1.0,7.0,1.0,7,1.0,7,1.0
May-09,8,1.3,8,1.3,8,1.3,8,1.3,8,1.3,8,1.3,8,1.3,8,1.3,8,1.3,8.0,1.3,8,1.3,8,1.3,8,1.3,8.0,1.3,8,1.3,8,1.3
May-10,14,1.6,14,1.6,14,1.6,14,1.6,14,1.6,14,1.6,14,1.6,14,1.6,14,1.6,14.0,1.6,14,1.6,14,1.6,14,1.6,14.0,1.6,14,1.6,14,1.6
May-11,11,1.1,11,1.1,11,1.1,11,1.1,11,1.1,11,1.1,11,1.1,11,1.1,11,1.1,11.0,1.1,11,1.1,11,1.1,11,1.1,11.0,1.1,11,1.1,11,1.1
May-12,11,1.1,11,1.1,11,1.1,11,1.1,11,1.1,11,1.1,11,1.1,11,1.1,11,1.1,11.0,1.1,11,1.1,11,1.1,11,1.1,11.0,1.1,11,1.1,11,1.1
May-13,19,1.6,19,1.6,19,1.6,19,1.6,19,1.6,19,1.6,19,1.6,19,1.6,19,1.6,19.0,1.6,19,1.6,19,1.6,19,1.6,19.0,1.6,19,1.6,19,1.6
May-14,14,1.3,14,1.3,14,1.3,14,1.3,14,1.3,14,1.3,14,1.3,14,1.3,14,1.3,14.0,1.3,14,1.3,14,1.3,14,1.3,,,14,1.3,14,1.3
May-15,15,1.2,15,1.2,15,1.2,15,1.2,15,1.2,15,1.2,15,1.2,15,1.2,15,1.2,15.0,1.2,15,1.2,15,1.2,15,1.2,15.0,1.2,15,1.2,15,1.2
May-16,16,1.7,16,1.7,16,1.7,16,1.7,16,1.7,16,1.7,16,1.7,16,1.7,16,1.7,16.0,1.7,16,1.7,16,1.7,16,1.7,16.0,1.7,16,1.7,16,1.7
May-17,14,1.1,14,1.1,14,1.1,14,1.1,14,1.1,14,1.1,14,1.1,14,1.1,14,1.1,14.0,1.1,14,1.1,14,1.1,14,1.1,14.0,1.1,14,1.1,14,1.1
May-18,21,1.3,21,1.3,21,1.3,21,1.3,21,1.3,21,1.3,21,1.3,21,1.3,21,1.3,21.0,1.3,21,1.3,21,1.3,21,1.3,21.0,1.3,21,1.3,21,1.3
May-19,21,1.7,21,1.7,21,1.7,21,1.7,21,1.7,21,1.7,21,1.7,21,1.7,21,1.7,21.0,1.7,21,1.7,21,1.7,21,1.7,21.0,1.7,21,1.7,21,1.7
May-20,16,1.0,16,1.0,16,1.0,16,1.0,16,1.0,16,1.0,16,1.0,16,1.0,16,1.0,16.0,1.0,16,1.0,16,1.0,16,1.0,16.0,1.0,16,1.0,16,1.0
May-21,22,1.2,22,1.2,22,1.2,22,1.2,22,1.2,22,1.2,22,1.2,22,1.2,22,1.2,22.0,1.2,22,1.2,22,1.2,22,1.2,22.0,1.2,22,1.2,22,1.2
May-22,24,1.4,24,1.4,24,1.4,24,1.4,24,1.4,24,1.4,24,1.4,24,1.4,24,1.4,24.0,1.4,24,1.4,24,1.4,24,1.4,24.0,1.4,24,1.4,24,1.4
May-23,20,1.1,20,1.1,20,1.1,20,1.1,20,1.1,20,1.1,20,1.1,20,1.1,20,1.1,20.0,1.1,20,1.1,20,1.1,20,1.1,20.0,1.1,20,1.1,20,1.1
May-24,28,1.8,28,1.8,28,1.8,28,1.8,28,1.8,28,1.8,28,1.8,28,1.8,28,1.8,28.0,1.8,28,1.8,28,1.8,28,1.8,28.0,1.8,28,1.8,28,1.8
May-25,21,1.1,21,1.1,21,1.1,21,1.1,21,1.1,21,1.1,21,1.1,21,1.1,21,1.1,21.0,1.1,21,1.1,21,1.1,21,1.1,21.0,1.1,21,1.1,21,1.1
May-26,21,1.8,21,1.8,21,1.8,21,1.8,21,1.8,21,1.8,21,1.8,21,1.8,21,1.8,21.0,1.8,21,1.8,21,1.8,21,1.8,21.0,1.8,21,1.8,21,1.8
May-27,22,1.4,22,1.4,22,1.4,22,1.4,22,1.4,22,1.4,22,1.4,22,1.4,22,1.4,22.0,1.4,22,1.4,22,1.4,22,1.4,22.0,1.4,22,1.4,22,1.4
May-28,15,0.7,15,0.7,15,0.7,15,0.7,15,0.7,15,0.7,15,0.7,15,0.7,15,0.7,15.0,0.7,15,0.7,15,0.7,15,0.7,15.0,0.7,15,0.7,15,0.7
May-29,23,0.9,23,0.9,23,0.9,23,0.9,23,0.9,23,0.9,23,0.9,23,0.9,23,0.9,23.0,0.9,23,0.9,23,0.9,23,0.9,23.0,0.9,23,0.9,23,0.9
May-30,28,1.6,28,1.6,28,1.6,28,1.6,28,1.6,28,1.6,28,1.6,28,1.6,28,1.6,28.0,1.6,28,1.6,28,1.6,28,1.6,28.0,1.6,28,1.6,28,1.6
May-31,40,1.6,40,1.6,40,1.6,40,1.6,40,1.6,40,1.6,40,1.6,40,1.6,40,1.6,40.0,1.6,40,1.6,40,1.6,40,1.6,40.0,1.6,40,1.6,40,1.6
June-01,22,0.9,22,0.9,22,0.9,22,0.9,22,0.9,22,0.9,22,0.9,22,0.9,22,0.9,22.0,0.9,22,0.9,22,0.9,22,0.9,22.0,0.9,22,0.9,22,0.9
June-02,37,1.3,37,1.3,37,1.3,37,1.3,37,1.3,37,1.3,37,1.3,37,1.3,37,1.3,37.0,1.3,37,1.3,37,1.3,37,1.3,37.0,1.3,37,1.3,37,1.3
June-03,37,1.4,37,1.4,37,1.4,37,1.4,37,1.4,37,1.4,37,1.4,37,1.4,37,1.4,37.0,1.4,37,1.4,37,1.4,37,1.4,37.0,1.4,37,1.4,37,1.4
June-04,35,1.4,35,1.4,35,1.4,35,1.4,35,1.4,35,1.4,35,1.4,35,1.4,35,1.4,35.0,1.4,35,1.4,35,1.4,35,1.4,35.0,1.4,35,1.4,35,1.4
June-05,30,1.1,30,1.1,30,1.1,30,1.1,30,1.1,30,1.1,30,1.1,30,1.1,30,1.1,30.0,1.1,30,1.1,30,1.1,30,1.1,30.0,1.1,30,1.1,30,1.1
June-06,35,1.3,35,1.3,35,1.3,35,1.3,35,1.3,35,1.3,35,1.3,35,1.3,35,1.3,35.0,1.3,35,1.3,35,1.3,35,1.3,35.0,1.3,35,1.3,35,1.3
June-07,42,1.5,42,1.5,42,1.5,42,1.5,42,1.5,42,1.5,42,1.5,42,1.5,42,1.5,42.0,1.5,42,1.5,42,1.5,42,1.5,42.0,1.5,42,1.5,42,1.5
June-08,42,1.5,42,1.5,42,1.5,42,1.5,42,1.5,42,1.5,42,1.5,42,1.5,42,1.5,42.0,1.5,42,1.5,42,1.5,42,1.5,42.0,1.5,42,1.5,42,1.5
June-09,45,1.4,45,1.4,45,1.4,45,1.4,45,1.4,45,1.4,45,1.4,45,1.4,45,1.4,45.0,1.4,45,1.4,45,1.4,45,1.4,45.0,1.4,45,1.4,45,1.4
June-10,37,1.2,37,1.2,37,1.2,37,1.2,37,1.2,37,1.2,37,1.2,37,1.2,37,1.2,37.0,1.2,37,1.2,37,1.2,37,1.2,37.0,1.2,37,1.2,37,1.2
June-11,37,1.2,37,1.2,37,1.2,37,1.2,37,1.2,37,1.2,37,1.2,37,1.2,37,1.2,37.0,1.2,37,1.2,37,1.2,37,1.2,37.0,1.2,37,1.2,37,1.2
June-12,46,1.3,46,1.3,46,1.3,46,1.3,46,1.3,46,1.3,46,1.3,46,1.3,46,1.3,46.0,1.3,46,1.3,46,1.3,46,1.3,46.0,1.3,46,1.3,46,1.3
June-13,44,1.5,44,1.5,44,1.5,44,1.5,44,1.5,44,1.5,44,1.5,44,1.5,44,1.5,44.0,1.5,44,1.5,44,1.5,44,1.5,44.0,1.5,44,1.5,44,1.5
June-14,32,1.0,32,1.0,32,1.0,32,1.0,32,1.0,32,1.0,32,1.0,32,1.0,32,1.0,32.0,1.0,32,1.0,32,1.0,32,1.0,32.0,1.0,32,1.0,32,1.0
June-15,38,1.2,38,1.2,38,1.2,38,1.2,38,1.2,38,1.2,38,1.2,38,1.2,38,1.2,38.0,1.2,38,1.2,38,1.2,38,1.2,38.0,1.2,38,1.2,38,1.2
June-16,53,1.4,53,1.4,53,1.4,53,1.4,53,1.4,53,1.4,53,1.4,53,1.4,53,1.4,53.0,1.4,53,1.4,53,1.4,53,1.4,53.0,1.4,53,1.4,53,1.4
June-17,43,1.1,43,1.1,43,1.1,43,1.1,43,1.1,43,1.1,43,1.1,43,1.1,43,1.1,43.0,1.1,43,1.1,43,1.1,43,1.1,43.0,1.1,43,1.1,43,1.1
June-18,38,1.0,38,1.0,38,1.0,38,1.0,38,1.0,38,1.0,38,1.0,38,1.0,38,1.0,38.0,1.0,38,1.0,38,1.0,38,1.0,38.0,1.0,38,1.0,38,1.0
June-19,45,1.4,45,1.4,45,1.4,45,1.4,45,1.4,45,1.4,45,1.4,45,1.4,45,1.4,45.0,1.4,45,1.4,45,1.4,45,1.4,45.0,1.4,45,1.4,45,1.4
June-20,37,1.1,37,1.1,37,1.1,37,1.1,37,1.1,37,1.1,37,1.1,37,1.1,37,1.1,37.0,1.1,37,1.1,37,1.1,37,1.1,37.0,1.1,37,1.1,37,1.1
June-21,39,1.1,39,1.1,39,1.1,39,1.1,39,1.1,39,1.1,39,1.1,39,1.1,39,1.1,39.0,1.1,39,1.1,39,1.1,39,1.1,39.0,1.1,39,1.1,39,1.1
June-22,38,1.1,38,1.1,38,1.1,38,1.1,38,1.1,38,1.1,38,1.1,38,1.1,38,1.1,38.0,1.1,38,1.1,38,1.1,38,1.1,38.0,1.1,38,1.1,38,1.1
June-23,43,1.3,43,1.3,43,1.3,43,1.3,43,1.3,43,1.3,43,1.3,43,1.3,43,1.3,43.0,1.3,43,1.3,43,1.3,43,1.3,43.0,1.3,43,1.3,43,1.3
June-24,37,1.1,37,1.1,37,1.1,37,1.1,37,1.1,37,1.1,37,1.1,37,1.1,37,1.1,37.0,1.1,37,1.1,37,1.1,37,1.1,37.0,1.1,37,1.1,37,1.1
June-25,39,1.0,39,1.0,39,1.0,39,1.0,39,1.0,39,1.0,39,1.0,39,1.0,39,1.0,39.0,1.0,39,1.0,39,1.0,39,1.0,39.0,1.0,39,1.0,39,1.0
June-26,40,1.0,40,1.0,40,1.0,40,1.0,40,1.0,40,1.0,40,1.0,40,1.0,40,1.0,40.0,1.0,40,1.0,40,1.0,40,1.0,40.0,1.0,40,1.0,40,1.0
June-27,34,1.0,34,1.0,34,1.0,34,1.0,34,1.0,34,1.0,34,1.0,34,1.0,34,1.0,34.0,1.0,34,1.0,34,1.0,34,1.0,34.0,1.0,34,1.0,34,1.0
June-28,43,1.1,43,1.1,43,1.1,43,1.1,43,1.1,43,1.1,43,1.1,43,1.1,43,1.1,43.0,1.1,43,1.1,43,1.1,43,1.1,43.0,1.1,43,1.1,43,1.1
June-29,45,1.1,45,1.1,45,1.1,45,1.1,45,1.1,45,1.1,45,1.1,45,1.1,45,1.1,45.0,1.1,45,1.1,45,1.1,45,1.1,45.0,1.1,45,1.1,45,1.1
June-30,64,1.7,64,1.7,64,1.7,64,1.7,64,1.7,64,1.7,64,1.7,64,1.7,64,1.7,64.0,1.7,64,1.7,64,1.7,64,1.7,64.0,1.7,64,1.7,64,1.7
July-01,41,1.1,41,1.1,41,1.1,41,1.1,41,1.1,41,1.1,41,1.1,41,1.1,41,1.1,41.0,1.1,41,1.1,41,1.1,41,1.1,41.0,1.1,41,1.1,41,1.1
July-02,38,0.9,38,0.9,38,0.9,38,0.9,38,0.9,38,0.9,38,0.9,38,0.9,38,0.9,38.0,0.9,38,0.9,38,0.9,38,0.9,38.0,0.9,38,0.9,38,0.9
July-03,42,1.3,42,1.3,42,1.3,42,1.3,42,1.3,42,1.3,42,1.3,42,1.3,42,1.3,42.0,1.3,42,1.3,42,1.3,42,1.3,42.0,1.3,42,1.3,42,1.3
July-04,29,0.9,29,0.9,29,0.9,29,0.9,29,0.9,29,0.9,29,0.9,29,0.9,29,0.9,29.0,0.9,29,0.9,29,0.9,29,0.9,29.0,0.9,29,0.9,29,0.9
July-05,55,2.0,55,2.0,55,2.0,55,2.0,55,2.0,55,2.0,55,2.0,55,2.0,55,2.0,55.0,2.0,55,2.0,55,2.0,55,2.0,55.0,2.0,55,2.0,55,2.0
July-06,44,1.4,44,1.4,44,1.4,44,1.4,44,1.4,44,1.4,44,1.4,44,1.4,44,1.4,44.0,1.4,44,1.4,44,1.4,44,1.4,44.0,1.4,44,1.4,44,1.4
July-07,55,1.8,55,1.8,55,1.8,55,1.8,55,1.8,55,1.8,55,1.8,55,1.8,55,1.8,55.0,1.8,55,1.8,55,1.8,55,1.8,55.0,1.8,55,1.8,55,1.8
July-08,46,1.3,46,1.3,46,1.3,46,1.3,46,1.3,46,1.3,46,1.3,46,1.3,46,1.3,46.0,1.3,46,1.3,46,1.3,46,1.3,46.0,1.3,46,1.3,46,1.3
July-09,41,1.2,41,1.2,41,1.2,41,1.2,41,1.2,41,1.2,41,1.2,41,1.2,41,1.2,41.0,1.2,41,1.2,41,1.2,41,1.2,41.0,1.2,41,1.2,41,1.2
July-10,37,1.3,37,1.3,37,1.3,37,1.3,37,1.3,37,1.3,37,1.3,37,1.3,37,1.3,37.0,1.3,37,1.3,37,1.3,37,1.3,37.0,1.3,37,1.3,37,1.3
July-11,30,1.1,30,1.1,30,1.1,30,1.1,30,1.1,30,1.1,30,1.1,30,1.1,30,1.1,30.0,1.1,30,1.1,30,1.1,30,1.1,30.0,1.1,30,1.1,30,1.1
July-12,47,1.8,47,1.8,47,1.8,47,1.8,47,1.8,47,1.8,47,1.8,47,1.8,47,1.8,47.0,1.8,47,1.8,47,1.8,47,1.8,47.0,1.8,47,1.8,47,1.8
July-13,39,1.3,39,1.3,39,1.3,39,1.3,39,1.3,39,1.3,39,1.3,39,1.3,39,1.3,39.0,1.3,39,1.3,39,1.3,39,1.3,39.0,1.3,39,1.3,39,1.3
July-14,33,1.0,33,1.0,33,1.0,33,1.0,33,1.0,33,1.0,33,1.0,33,1.0,33,1.0,33.0,1.0,33,1.0,33,1.0,33,1.0,33.0,1.0,33,1.0,33,1.0
July-15,33,0.9,33,0.9,33,0.9,33,0.9,33,0.9,33,0.9,33,0.9,33,0.9,33,0.9,33.0,0.9,33,0.9,33,0.9,33,0.9,33.0,0.9,33,0.9,33,0.9
July-16,39,1.4,39,1.4,39,1.4,39,1.4,39,1.4,39,1.4,39,1.4,39,1.4,39,1.4,39.0,1.4,39,1.4,39,1.4,39,1.4,39.0,1.4,39,1.4,39,1.4
July-17,51,1.7,51,1.7,51,1.7,51,1.7,51,1.7,51,1.7,51,1.7,51,1.7,51,1.7,51.0,1.7,51,1.7,51,1.7,51,1.7,51.0,1.7,51,1.7,51,1.7
July-18,34,1.3,34,1.3,34,1.3,34,1.3,34,1.3,34,1.3,34,1.3,34,1.3,34,1.3,34.0,1.3,34,1.3,34,1.3,34,1.3,34.0,1.3,34,1.3,34,1.3
July-19,37,1.5,37,1.5,37,1.5,37,1.5,37,1.5,37,1.5,37,1.5,37,1.5,37,1.5,37.0,1.5,37,1.5,37,1.5,37,1.5,37.0,1.5,37,1.5,37,1.5
July-20,50,1.7,50,1.7,50,1.7,50,1.7,50,1.7,50,1.7,50,1.7,50,1.7,50,1.7,50.0,1.7,50,1.7,50,1.7,50,1.7,50.0,1.7,50,1.7,50,1.7
July-21,41,1.3,41,1.3,41,1.3,41,1.3,41,1.3,41,1.3,41,1.3,41,1.3,41,1.3,41.0,1.3,41,1.3,41,1.3,41,1.3,41.0,1.3,41,1.3,41,1.3
July-22,42,1.5,42,1.5,42,1.5,42,1.5,42,1.5,42,1.5,42,1.5,42,1.5,42,1.5,42.0,1.5,42,1.5,42,1.5,42,1.5,42.0,1.5,42,1.5,42,1.5
July-23,50,1.8,50,1.8,50,1.8,50,1.8,50,1.8,50,1.8,50,1.8,50,1.8,50,1.8,50.0,1.8,50,1.8,50,1.8,50,1.8,50.0,1.8,50,1.8,50,1.8
July-24,35,1.4,35,1.4,35,1.4,35,1.4,35,1.4,35,1.4,35,1.4,35,1.4,35,1.4,35.0,1.4,35,1.4,35,1.4,35,1.4,35.0,1.4,35,1.4,35,1.4
July-25,38,1.5,38,1.5,38,1.5,38,1.5,38,1.5,38,1.5,38,1.5,38,1.5,38,1.5,38.0,1.5,38,1.5,38,1.5,38,1.5,38.0,1.5,38,1.5,38,1.5
July-26,54,2.4,54,2.4,54,2.4,54,2.4,54,2.4,54,2.4,54,2.4,54,2.4,54,2.4,54.0,2.4,54,2.4,54,2.4,54,2.4,54.0,2.4,54,2.4,54,2.4
July-27,37,1.3,37,1.3,37,1.3,37,1.3,37,1.3,37,1.3,37,1.3,37,1.3,37,1.3,37.0,1.3,37,1.3,37,1.3,37,1.3,37.0,1.3,37,1.3,37,1.3
July-28,35,1.2,35,1.2,35,1.2,35,1.2,35,1.2,35,1.2,35,1.2,35,1.2,35,1.2,35.0,1.2,35,1.2,35,1.2,35,1.2,35.0,1.2,35,1.2,35,1.2
July-29,35,1.2,35,1.2,35,1.2,35,1.2,35,1.2,35,1.2,35,1.2,35,1.2,35,1.2,35.0,1.2,35,1.2,35,1.2,35,1.2,35.0,1.2,35,1.2,35,1.2
July-30,48,1.8,48,1.8,48,1.8,48,1.8,48,1.8,48,1.8,48,1.8,48,1.8,48,1.8,48.0,1.8,48,1.8,48,1.8,48,1.8,48.0,1.8,48,1.8,48,1.8
July-31,28,1.0,28,1.0,28,1.0,28,1.0,28,1.0,28,1.0,28,1.0,28,1.0,28,1.0,28.0,1.0,28,1.0,28,1.0,28,1.0,28.0,1.0,28,1.0,28,1.0
August-01,21,1.0,21,1.0,21,1.0,21,1.0,21,1.0,21,1.0,21,1.0,21,1.0,21,1.0,21.0,1.0,21,1.0,21,1.0,21,1.0,21.0,1.0,21,1.0,21,1.0
August-02,22,2.5,22,2.5,22,2.5,22,2.5,22,2.5,22,2.5,22,2.5,22,2.5,22,2.5,22.0,2.5,22,2.5,22,2.5,22,2.5,22.0,2.5,22,2.5,22,2.5
August-03,30,2.2,30,2.2,30,2.2,30,2.2,30,2.2,30,2.2,30,2.2,30,2.2,30,2.2,30.0,2.2,30,2.2,30,2.2,30,2.2,30.0,2.2,30,2.2,30,2.2
August-04,50,2.6,50,2.6,50,2.6,50,2.6,50,2.6,50,2.6,50,2.6,50,2.6,50,2.6,50.0,2.6,50,2.6,50,2.6,50,2.6,50.0,2.6,50,2.6,50,2.6
August-05,33,1.2,33,1.2,33,1.2,33,1.2,33,1.2,33,1.2,33,1.2,33,1.2,33,1.2,33.0,1.2,33,1.2,33,1.2,33,1.2,33.0,1.2,33,1.2,33,1.2
August-06,39,1.3,39,1.3,39,1.3,39,1.3,39,1.3,39,1.3,39,1.3,39,1.3,39,1.3,39.0,1.3,39,1.3,39,1.3,39,1.3,39.0,1.3,39,1.3,39,1.3
August-07,27,0.9,27,0.9,27,0.9,27,0.9,27,0.9,27,0.9,27,0.9,27,0.9,27,0.9,27.0,0.9,27,0.9,27,0.9,27,0.9,27.0,0.9,27,0.9,27,0.9
August-08,32,1.2,32,1.2,32,1.2,32,1.2,32,1.2,32,1.2,32,1.2,32,1.2,32,1.2,32.0,1.2,32,1.2,32,1.2,32,1.2,32.0,1.2,32,1.2,32,1.2
August-09,34,1.4,34,1.4,34,1.4,34,1.4,34,1.4,34,1.4,34,1.4,34,1.4,34,1.4,34.0,1.4,34,1.4,34,1.4,34,1.4,34.0,1.4,34,1.4,34,1.4
August-10,39,1.3,39,1.3,39,1.3,39,1.3,39,1.3,39,1.3,39,1.3,39,1.3,39,1.3,39.0,1.3,39,1.3,39,1.3,39,1.3,39.0,1.3,39,1.3,39,1.3
August-11,33,1.1,33,1.1,33,1.1,33,1.1,33,1.1,33,1.1,33,1.1,33,1.1,33,1.1,33.0,1.1,33,1.1,33,1.1,33,1.1,33.0,1.1,33,1.1,33,1.1
August-12,42,1.4,42,1.4,42,1.4,42,1.4,42,1.4,42,1.4,42,1.4,42,1.4,42,1.4,42.0,1.4,42,1.4,42,1.4,42,1.4,42.0,1.4,42,1.4,42,1.4
August-13,44,1.7,44,1.7,44,1.7,44,1.7,44,1.7,44,1.7,44,1.7,44,1.7,44,1.7,44.0,1.7,44,1.7,44,1.7,44,1.7,44.0,1.7,44,1.7,44,1.7
August-14,34,1.2,34,1.2,34,1.2,34,1.2,34,1.2,34,1.2,34,1.2,34,1.2,34,1.2,34.0,1.2,34,1.2,34,1.2,34,1.2,34.0,1.2,34,1.2,34,1.2
August-15,34,1.3,34,1.3,34,1.3,34,1.3,34,1.3,34,1.3,34,1.3,34,1.3,34,1.3,34.0,1.3,34,1.3,34,1.3,34,1.3,34.0,1.3,34,1.3,34,1.3
August-16,32,1.6,32,1.6,32,1.6,32,1.6,32,1.6,32,1.6,32,1.6,32,1.6,32,1.6,32.0,1.6,32,1.6,32,1.6,32,1.6,32.0,1.6,32,1.6,32,1.6
August-17,37,1.4,37,1.4,37,1.4,37,1.4,37,1.4,37,1.4,37,1.4,37,1.4,37,1.4,37.0,1.4,37,1.4,37,1.4,37,1.4,37.0,1.4,37,1.4,37,1.4
August-18,46,1.4,46,1.4,46,1.4,46,1.4,46,1.4,46,1.4,46,1.4,46,1.4,46,1.4,46.0,1.4,46,1.4,46,1.4,46,1.4,46.0,1.4,46,1.4,46,1.4
August-19,41,1.5,41,1.5,41,1.5,41,1.5,41,1.5,41,1.5,41,1.5,41,1.5,41,1.5,41.0,1.5,41,1.5,41,1.5,41,1.5,41.0,1.5,41,1.5,41,1.5
August-20,41,1.4,41,1.4,41,1.4,41,1.4,41,1.4,41,1.4,41,1.4,41,1.4,41,1.4,41.0,1.4,41,1.4,41,1.4,41,1.4,41.0,1.4,41,1.4,41,1.4
August-21,39,1.6,39,1.6,39,1.6,39,1.6,39,1.6,39,1.6,39,1.6,39,1.6,39,1.6,39.0,1.6,39,1.6,39,1.6,39,1.6,39.0,1.6,39,1.6,39,1.6
August-22,46,2.0,46,2.0,46,2.0,46,2.0,46,2.0,46,2.0,46,2.0,46,2.0,46,2.0,46.0,2.0,46,2.0,46,2.0,46,2.0,46.0,2.0,46,2.0,46,2.0
August-23,34,1.7,34,1.7,34,1.7,34,1.7,34,1.7,34,1.7,34,1.7,34,1.7,34,1.7,34.0,1.7,34,1.7,34,1.7,34,1.7,34.0,1.7,34,1.7,34,1.7
August-24,42,1.7,42,1.7,42,1.7,42,1.7,42,1.7,42,1.7,42,1.7,42,1.7,42,1.7,42.0,1.7,42,1.7,42,1.7,42,1.7,42.0,1.7,42,1.7,42,1.7
August-25,45,1.8,45,1.8,45,1.8,45,1.8,45,1.8,45,1.8,45,1.8,45,1.8,45,1.8,45.0,1.8,45,1.8,45,1.8,45,1.8,45.0,1.8,45,1.8,45,1.8
August-26,54,2.1,54,2.1,54,2.1,54,2.1,54,2.1,54,2.1,54,2.1,54,2.1,54,2.1,54.0,2.1,54,2.1,54,2.1,54,2.1,54.0,2.1,54,2.1,54,2.1
August-27,45,1.8,45,1.8,45,1.8,45,1.8,45,1.8,45,1.8,45,1.8,45,1.8,45,1.8,45.0,1.8,45,1.8,45,1.8,45,1.8,45.0,1.8,45,1.8,45,1.8
August-28,47,2.1,47,2.1,47,2.1,47,2.1,47,2.1,47,2.1,47,2.1,47,2.1,47,2.1,47.0,2.1,47,2.1,47,2.1,47,2.1,47.0,2.1,47,2.1,47,2.1
August-29,32,1.5,32,1.5,32,1.5,32,1.5,32,1.5,32,1.5,32,1.5,32,1.5,32,1.5,32.0,1.5,32,1.5,32,1.5,32,1.5,32.0,1.5,32,1.5,32,1.5
August-30,42,2.2,42,2.2,42,2.2,42,2.2,42,2.2,42,2.2,42,2.2,42,2.2,42,2.2,42.0,2.2,42,2.2,42,2.2,42,2.2,42.0,2.2,42,2.2,42,2.2
August-31,33,1.5,33,1.5,33,1.5,33,1.5,33,1.5,33,1.5,33,1.5,33,1.5,33,1.5,33.0,1.5,33,1.5,33,1.5,33,1.5,33.0,1.5,33,1.5,33,1.5
September-01,35,1.8,35,1.8,35,1.8,35,1.8,35,1.8,35,1.8,35,1.8,35,1.8,35,1.8,35.0,1.8,35,1.8,35,1.8,35,1.8,35.0,1.8,35,1.8,35,1.8
September-02,35,1.4,35,1.4,35,1.4,35,1.4,35,1.4,35,1.4,35,1.4,35,1.4,35,1.4,35.0,1.4,35,1.4,35,1.4,35,1.4,35.0,1.4,35,1.4,35,1.4
September-03,32,1.5,32,1.5,32,1.5,32,1.5,32,1.5,32,1.5,32,1.5,32,1.5,32,1.5,32.0,1.5,32,1.5,32,1.5,32,1.5,32.0,1.5,32,1.5,32,1.5
September-04,29,1.5,29,1.5,29,1.5,29,1.5,29,1.5,29,1.5,29,1.5,29,1.5,29,1.5,29.0,1.5,29,1.5,29,1.5,29,1.5,29.0,1.5,29,1.5,29,1.5
September-05,35,1.8,35,1.8,35,1.8,35,1.8,35,1.8,35,1.8,35,1.8,35,1.8,35,1.8,35.0,1.8,35,1.8,35,1.8,35,1.8,35.0,1.8,35,1.8,35,1.8
September-06,32,2.0,32,2.0,32,2.0,32,2.0,32,2.0,32,2.0,32,2.0,32,2.0,32,2.0,32.0,2.0,32,2.0,32,2.0,32,2.0,32.0,2.0,32,2.0,32,2.0
September-07,37,1.7,37,1.7,37,1.7,37,1.7,37,1.7,37,1.7,37,1.7,37,1.7,37,1.7,37.0,1.7,37,1.7,37,1.7,37,1.7,37.0,1.7,37,1.7,37,1.7
September-08,36,1.9,36,1.9,36,1.9,36,1.9,36,1.9,36,1.9,36,1.9,36,1.9,36,1.9,36.0,1.9,36,1.9,36,1.9,36,1.9,36.0,1.9,36,1.9,36,1.9
September-09,41,2.2,41,2.2,41,2.2,41,2.2,41,2.2,41,2.2,41,2.2,41,2.2,41,2.2,41.0,2.2,41,2.2,41,2.2,41,2.2,41.0,2.2,41,2.2,41,2.2
September-10,41,2.2,41,2.2,41,2.2,41,2.2,41,2.2,41,2.2,41,2.2,41,2.2,41,2.2,41.0,2.2,41,2.2,41,2.2,41,2.2,41.0,2.2,41,2.2,41,2.2
September-11,34,1.9,34,1.9,34,1.9,34,1.9,34,1.9,34,1.9,34,1.9,34,1.9,34,1.9,34.0,1.9,34,1.9,34,1.9,34,1.9,34.0,1.9,34,1.9,34,1.9
September-12,34,2.7,34,2.7,34,2.7,34,2.7,34,2.7,34,2.7,34,2.7,34,2.7,34,2.7,34.0,2.7,34,2.7,34,2.7,34,2.7,34.0,2.7,34,2.7,34,2.7
September-13,31,2.1,31,2.1,31,2.1,31,2.1,31,2.1,31,2.1,31,2.1,31,2.1,31,2.1,31.0,2.1,31,2.1,31,2.1,31,2.1,31.0,2.1,31,2.1,31,2.1
September-14,26,1.4,26,1.4,26,1.4,26,1.4,26,1.4,26,1.4,26,1.4,26,1.4,26,1.4,26.0,1.4,26,1.4,26,1.4,26,1.4,26.0,1.4,26,1.4,26,1.4
September-15,43,2.5,43,2.5,43,2.5,43,2.5,43,2.5,43,2.5,43,2.5,43,2.5,43,2.5,43.0,2.5,43,2.5,43,2.5,43,2.5,43.0,2.5,43,2.5,43,2.5
September-16,21,1.3,21,1.3,21,1.3,21,1.3,21,1.3,21,1.3,21,1.3,21,1.3,21,1.3,21.0,1.3,21,1.3,21,1.3,21,1.3,21.0,1.3,21,1.3,21,1.3
September-17,36,2.3,36,2.3,36,2.3,36,2.3,36,2.3,36,2.3,36,2.3,36,2.3,36,2.3,36.0,2.3,36,2.3,36,2.3,36,2.3,36.0,2.3,36,2.3,36,2.3
September-18,22,1.4,22,1.4,22,1.4,22,1.4,22,1.4,22,1.4,22,1.4,22,1.4,22,1.4,22.0,1.4,22,1.4,22,1.4,22,1.4,22.0,1.4,22,1.4,22,1.4
September-19,32,2.0,32,2.0,32,2.0,32,2.0,32,2.0,32,2.0,32,2.0,32,2.0,32,2.0,32.0,2.0,32,2.0,32,2.0,32,2.0,32.0,2.0,32,2.0,32,2.0
September-20,26,1.7,26,1.7,26,1.7,26,1.7,26,1.7,26,1.7,26,1.7,26,1.7,26,1.7,26.0,1.7,26,1.7,26,1.7,26,1.7,26.0,1.7,26,1.7,26,1.7
September-21,40,2.3,40,2.3,40,2.3,40,2.3,40,2.3,40,2.3,40,2.3,40,2.3,40,2.3,40.0,2.3,40,2.3,40,2.3,40,2.3,40.0,2.3,40,2.3,40,2.3
September-22,28,1.8,28,1.8,28,1.8,28,1.8,28,1.8,28,1.8,28,1.8,28,1.8,28,1.8,28.0,1.8,28,1.8,28,1.8,28,1.8,28.0,1.8,28,1.8,28,1.8
September-23,37,2.2,37,2.2,37,2.2,37,2.2,37,2.2,37,2.2,37,2.2,37,2.2,37,2.2,37.0,2.2,37,2.2,37,2.2,37,2.2,37.0,2.2,37,2.2,37,2.2
September-24,28,1.8,28,1.8,28,1.8,28,1.8,28,1.8,28,1.8,28,1.8,28,1.8,28,1.8,28.0,1.8,28,1.8,28,1.8,28,1.8,28.0,1.8,28,1.8,28,1.8
September-25,21,1.5,21,1.5,21,1.5,21,1.5,21,1.5,21,1.5,21,1.5,21,1.5,21,1.5,21.0,1.5,21,1.5,21,1.5,21,1.5,21.0,1.5,21,1.5,21,1.5
September-26,36,3.3,36,3.3,36,3.3,36,3.3,36,3.3,36,3.3,36,3.3,36,3.3,36,3.3,36.0,3.3,36,3.3,36,3.3,36,3.3,36.0,3.3,36,3.3,36,3.3
September-27,32,2.5,32,2.5,32,2.5,32,2.5,32,2.5,32,2.5,32,2.5,32,2.5,32,2.5,32.0,2.5,32,2.5,32,2.5,32,2.5,32.0,2.5,32,2.5,32,2.5
September-28,32,2.3,32,2.3,32,2.3,32,2.3,32,2.3,32,2.3,32,2.3,32,2.3,32,2.3,32.0,2.3,32,2.3,32,2.3,32,2.3,32.0,2.3,32,2.3,32,2.3
September-29,26,1.7,26,1.7,26,1.7,26,1.7,26,1.7,26,1.7,26,1.7,26,1.7,26,1.7,26.0,1.7,26,1.7,26,1.7,26,1.7,26.0,1.7,26,1.7,26,1.7
September-30,32,2.2,32,2.2,32,2.2,32,2.2,32,2.2,32,2.2,32,2.2,32,2.2,32,2.2,32.0,2.2,32,2.2,32,2.2,32,2.2,32.0,2.2,32,2.2,32,2.2
October-01,21,1.4,21,1.4,21,1.4,21,1.4,21,1.4,21,1.4,21,1.4,21,1.4,21,1.4,21.0,1.4,21,1.4,21,1.4,21,1.4,21.0,1.4,21,1.4,21,1.4
October-02,33,2.4,33,2.4,33,2.4,33,2.4,33,2.4,33,2.4,33,2.4,33,2.4,33,2.4,33.0,2.4,33,2.4,33,2.4,33,2.4,33.0,2.4,33,2.4,33,2.4
October-03,20,1.7,20,1.7,20,1.7,20,1.7,20,1.7,20,1.7,20,1.7,20,1.7,20,1.7,20.0,1.7,20,1.7,20,1.7,20,1.7,20.0,1.7,20,1.7,20,1.7
October-04,23,2.0,23,2.0,23,2.0,23,2.0,23,2.0,23,2.0,23,2.0,23,2.0,23,2.0,23.0,2.0,23,2.0,23,2.0,23,2.0,23.0,2.0,23,2.0,23,2.0
October-05,27,1.9,27,1.9,27,1.9,27,1.9,27,1.9,27,1.9,27,1.9,27,1.9,27,1.9,27.0,1.9,27,1.9,27,1.9,27,1.9,27.0,1.9,27,1.9,27,1.9
October-06,30,2.0,30,2.0,30,2.0,30,2.0,30,2.0,30,2.0,30,2.0,30,2.0,30,2.0,30.0,2.0,30,2.0,30,2.0,30,2.0,30.0,2.0,30,2.0,30,2.0
October-07,35,2.3,35,2.3,35,2.3,35,2.3,35,2.3,35,2.3,35,2.3,35,2.3,35,2.3,35.0,2.3,35,2.3,35,2.3,35,2.3,35.0,2.3,35,2.3,35,2.3
October-08,20,1.4,20,1.4,20,1.4,20,1.4,20,1.4,20,1.4,20,1.4,20,1.4,20,1.4,20.0,1.4,20,1.4,20,1.4,20,1.4,20.0,1.4,20,1.4,20,1.4
October-09,17,1.3,17,1.3,17,1.3,17,1.3,17,1.3,17,1.3,17,1.3,17,1.3,17,1.3,17.0,1.3,17,1.3,17,1.3,17,1.3,17.0,1.3,17,1.3,17,1.3
October-10,23,1.9,23,1.9,23,1.9,23,1.9,23,1.9,23,1.9,23,1.9,23,1.9,23,1.9,23.0,1.9,23,1.9,23,1.9,23,1.9,23.0,1.9,23,1.9,23,1.9
October-11,24,2.0,24,2.0,24,2.0,24,2.0,24,2.0,24,2.0,24,2.0,24,2.0,24,2.0,24.0,2.0,24,2.0,24,2.0,24,2.0,24.0,2.0,24,2.0,24,2.0
October-12,31,2.1,31,2.1,31,2.1,31,2.1,31,2.1,31,2.1,31,2.1,31,2.1,31,2.1,31.0,2.1,31,2.1,31,2.1,31,2.1,31.0,2.1,31,2.1,31,2.1
October-13,22,1.4,22,1.4,22,1.4,22,1.4,22,1.4,22,1.4,22,1.4,22,1.4,22,1.4,22.0,1.4,22,1.4,22,1.4,22,1.4,22.0,1.4,22,1.4,22,1.4
October-14,16,1.0,16,1.0,16,1.0,16,1.0,16,1.0,16,1.0,16,1.0,16,1.0,16,1.0,16.0,1.0,16,1.0,16,1.0,16,1.0,16.0,1.0,16,1.0,16,1.0
October-15,15,0.9,15,0.9,15,0.9,15,0.9,15,0.9,15,0.9,15,0.9,15,0.9,15,0.9,15.0,0.9,15,0.9,15,0.9,15,0.9,15.0,0.9,15,0.9,15,0.9
October-16,15,1.0,15,1.0,15,1.0,15,1.0,15,1.0,15,1.0,15,1.0,15,1.0,15,1.0,15.0,1.0,15,1.0,15,1.0,15,1.0,15.0,1.0,15,1.0,15,1.0
October-17,23,1.9,23,1.9,23,1.9,23,1.9,23,1.9,23,1.9,23,1.9,23,1.9,23,1.9,23.0,1.9,23,1.9,23,1.9,23,1.9,23.0,1.9,23,1.9,23,1.9
October-18,14,1.1,14,1.1,14,1.1,14,1.1,14,1.1,14,1.1,14,1.1,14,1.1,14,1.1,14.0,1.1,14,1.1,14,1.1,14,1.1,14.0,1.1,14,1.1,14,1.1
October-19,21,1.3,21,1.3,21,1.3,21,1.3,21,1.3,21,1.3,21,1.3,21,1.3,21,1.3,21.0,1.3,21,1.3,21,1.3,21,1.3,21.0,1.3,21,1.3,21,1.3
October-20,18,1.3,18,1.3,18,1.3,18,1.3,18,1.3,18,1.3,18,1.3,18,1.3,18,1.3,18.0,1.3,18,1.3,18,1.3,18,1.3,18.0,1.3,18,1.3,18,1.3
October-21,24,1.6,24,1.6,24,1.6,24,1.6,24,1.6,24,1.6,24,1.6,24,1.6,24,1.6,24.0,1.6,24,1.6,24,1.6,24,1.6,24.0,1.6,24,1.6,24,1.6
October-22,24,1.4,24,1.4,24,1.4,24,1.4,24,1.4,24,1.4,24,1.4,24,1.4,24,1.4,24.0,1.4,24,1.4,24,1.4,24,1.4,24.0,1.4,24,1.4,24,1.4
October-23,14,0.9,14,0.9,14,0.9,14,0.9,14,0.9,14,0.9,14,0.9,14,0.9,14,0.9,14.0,0.9,14,0.9,14,0.9,14,0.9,14.0,0.9,14,0.9,14,0.9
October-24,19,1.7,19,1.7,19,1.7,19,1.7,19,1.7,19,1.7,19,1.7,19,1.7,19,1.7,19.0,1.7,19,1.7,19,1.7,19,1.7,19.0,1.7,19,1.7,19,1.7
October-25,23,1.8,23,1.8,23,1.8,23,1.8,23,1.8,23,1.8,23,1.8,23,1.8,23,1.8,23.0,1.8,23,1.8,23,1.8,23,1.8,23.0,1.8,23,1.8,23,1.8
October-26,15,1.0,15,1.0,15,1.0,15,1.0,15,1.0,15,1.0,15,1.0,15,1.0,15,1.0,15.0,1.0,15,1.0,15,1.0,15,1.0,15.0,1.0,15,1.0,15,1.0
October-27,20,1.5,20,1.5,20,1.5,20,1.5,20,1.5,20,1.5,20,1.5,20,1.5,20,1.5,20.0,1.5,20,1.5,20,1.5,20,1.5,20.0,1.5,20,1.5,20,1.5
October-28,23,1.5,23,1.5,23,1.5,23,1.5,23,1.5,23,1.5,23,1.5,23,1.5,23,1.5,23.0,1.5,23,1.5,23,1.5,23,1.5,23.0,1.5,23,1.5,23,1.5
October-29,25,1.5,25,1.5,25,1.5,25,1.5,25,1.5,25,1.5,25,1.5,25,1.5,25,1.5,25.0,1.5,25,1.5,25,1.5,25,1.5,25.0,1.5,25,1.5,25,1.5
October-30,19,1.2,19,1.2,19,1.2,19,1.2,19,1.2,19,1.2,19,1.2,19,1.2,19,1.2,19.0,1.2,19,1.2,19,1.2,19,1.2,19.0,1.2,19,1.2,19,1.2
October-31,18,1.4,18,1.4,18,1.4,18,1.4,18,1.4,18,1.4,18,1.4,18,1.4,18,1.4,18.0,1.4,18,1.4,18,1.4,18,1.4,18.0,1.4,18,1.4,18,1.4
November-01,18,1.1,18,1.1,18,1.1,18,1.1,18,1.1,18,1.1,18,1.1,18,1.1,18,1.1,18.0,1.1,18,1.1,18,1.1,18,1.1,18.0,1.1,18,1.1,18,1.1
November-02,25,1.4,25,1.4,25,1.4,25,1.4,25,1.4,25,1.4,25,1.4,25,1.4,25,1.4,25.0,1.4,25,1.4,25,1.4,25,1.4,25.0,1.4,25,1.4,25,1.4
November-03,17,1.0,17,1.0,17,1.0,17,1.0,17,1.0,17,1.0,17,1.0,17,1.0,17,1.0,17.0,1.0,17,1.0,17,1.0,17,1.0,17.0,1.0,17,1.0,17,1.0
November-04,21,1.4,21,1.4,21,1.4,21,1.4,21,1.4,21,1.4,21,1.4,21,1.4,21,1.4,21.0,1.4,21,1.4,21,1.4,21,1.4,21.0,1.4,21,1.4,21,1.4
November-05,17,0.9,17,0.9,17,0.9,17,0.9,17,0.9,17,0.9,17,0.9,17,0.9,17,0.9,17.0,0.9,17,0.9,17,0.9,17,0.9,17.0,0.9,17,0.9,17,0.9
November-06,15,1.0,15,1.0,15,1.0,15,1.0,15,1.0,15,1.0,15,1.0,15,1.0,15,1.0,15.0,1.0,15,1.0,15,1.0,15,1.0,15.0,1.0,15,1.0,15,1.0
November-07,13,1.0,13,1.0,13,1.0,13,1.0,13,1.0,13,1.0,13,1.0,13,1.0,13,1.0,13.0,1.0,13,1.0,13,1.0,13,1.0,13.0,1.0,13,1.0,13,1.0
November-08,18,1.2,18,1.2,18,1.2,18,1.2,18,1.2,18,1.2,18,1.2,18,1.2,18,1.2,18.0,1.2,18,1.2,18,1.2,18,1.2,18.0,1.2,18,1.2,18,1.2
November-09,25,1.5,25,1.5,25,1.5,25,1.5,25,1.5,25,1.5,25,1.5,25,1.5,25,1.5,25.0,1.5,25,1.5,25,1.5,25,1.5,25.0,1.5,25,1.5,25,1.5
November-10,16,0.9,16,0.9,16,0.9,16,0.9,16,0.9,16,0.9,16,0.9,16,0.9,16,0.9,16.0,0.9,16,0.9,16,0.9,16,0.9,16.0,0.9,16,0.9,16,0.9
November-11,19,1.1,19,1.1,19,1.1,19,1.1,19,1.1,19,1.1,19,1.1,19,1.1,19,1.1,19.0,1.1,19,1.1,19,1.1,19,1.1,19.0,1.1,19,1.1,19,1.1
November-12,13,0.7,13,0.7,13,0.7,13,0.7,13,0.7,13,0.7,13,0.7,13,0.7,13,0.7,13.0,0.7,13,0.7,13,0.7,13,0.7,13.0,0.7,13,0.7,13,0.7
November-13,19,1.1,19,1.1,19,1.1,19,1.1,19,1.1,19,1.1,19,1.1,19,1.1,19,1.1,19.0,1.1,19,1.1,19,1.1,19,1.1,19.0,1.1,19,1.1,19,1.1
November-14,14,0.9,14,0.9,14,0.9,14,0.9,14,0.9,14,0.9,14,0.9,14,0.9,14,0.9,14.0,0.9,14,0.9,14,0.9,14,0.9,14.0,0.9,14,0.9,14,0.9
November-15,21,1.1,21,1.1,21,1.1,21,1.1,21,1.1,21,1.1,21,1.1,21,1.1,21,1.1,21.0,1.1,21,1.1,21,1.1,21,1.1,21.0,1.1,21,1.1,21,1.1
November-16,21,1.0,21,1.0,21,1.0,21,1.0,21,1.0,21,1.0,21,1.0,21,1.0,21,1.0,21.0,1.0,21,1.0,21,1.0,21,1.0,21.0,1.0,21,1.0,21,1.0
November-17,39,1.8,39,1.8,39,1.8,39,1.8,39,1.8,39,1.8,39,1.8,39,1.8,39,1.8,39.0,1.8,39,1.8,39,1.8,39,1.8,39.0,1.8,39,1.8,39,1.8
November-18,21,1.0,21,1.0,21,1.0,21,1.0,21,1.0,21,1.0,21,1.0,21,1.0,21,1.0,21.0,1.0,21,1.0,21,1.0,21,1.0,21.0,1.0,21,1.0,21,1.0
November-19,30,1.3,30,1.3,30,1.3,30,1.3,30,1.3,30,1.3,30,1.3,30,1.3,30,1.3,30.0,1.3,30,1.3,30,1.3,30,1.3,30.0,1.3,30,1.3,30,1.3
November-20,17,0.7,17,0.7,17,0.7,17,0.7,17,0.7,17,0.7,17,0.7,17,0.7,17,0.7,17.0,0.7,17,0.7,17,0.7,17,0.7,17.0,0.7,17,0.7,17,0.7
November-21,28,1.5,28,1.5,28,1.5,28,1.5,28,1.5,28,1.5,28,1.5,28,1.5,28,1.5,28.0,1.5,28,1.5,28,1.5,28,1.5,28.0,1.5,28,1.5,28,1.5
November-22,38,1.8,38,1.8,38,1.8,38,1.8,38,1.8,38,1.8,38,1.8,38,1.8,38,1.8,38.0,1.8,38,1.8,38,1.8,38,1.8,38.0,1.8,38,1.8,38,1.8
November-23,28,1.2,28,1.2,28,1.2,28,1.2,28,1.2,28,1.2,28,1.2,28,1.2,28,1.2,28.0,1.2,28,1.2,28,1.2,28,1.2,28.0,1.2,28,1.2,28,1.2
November-24,32,1.4,32,1.4,32,1.4,32,1.4,32,1.4,32,1.4,32,1.4,32,1.4,32,1.4,32.0,1.4,32,1.4,32,1.4,32,1.4,32.0,1.4,32,1.4,32,1.4
November-25,39,1.8,39,1.8,39,1.8,39,1.8,39,1.8,39,1.8,39,1.8,39,1.8,39,1.8,39.0,1.8,39,1.8,39,1.8,39,1.8,39.0,1.8,39,1.8,39,1.8
November-26,37,1.6,37,1.6,37,1.6,37,1.6,37,1.6,37,1.6,37,1.6,37,1.6,37,1.6,37.0,1.6,37,1.6,37,1.6,37,1.6,37.0,1.6,37,1.6,37,1.6
November-27,20,0.9,20,0.9,20,0.9,20,0.9,20,0.9,20,0.9,20,0.9,20,0.9,20,0.9,20.0,0.9,20,0.9,20,0.9,20,0.9,20.0,0.9,20,0.9,20,0.9
November-28,36,1.9,36,1.9,36,1.9,36,1.9,36,1.9,36,1.9,36,1.9,36,1.9,36,1.9,36.0,1.9,36,1.9,36,1.9,36,1.9,36.0,1.9,36,1.9,36,1.9
November-29,29,1.6,29,1.6,29,1.6,29,1.6,29,1.6,29,1.6,29,1.6,29,1.6,29,1.6,29.0,1.6,29,1.6,29,1.6,29,1.6,29.0,1.6,29,1.6,29,1.6
November-30,35,1.4,35,1.4,35,1.4,35,1.4,35,1.4,35,1.4,35,1.4,35,1.4,35,1.4,35.0,1.4,35,1.4,35,1.4,35,1.4,35.0,1.4,35,1.4,35,1.4
December-01,31,1.4,31,1.4,31,1.4,31,1.4,31,1.4,31,1.4,31,1.4,31,1.4,31,1.4,31.0,1.4,31,1.4,31,1.4,31,1.4,31.0,1.4,31,1.4,31,1.4
December-02,38,1.7,38,1.7,38,1.7,38,1.7,38,1.7,38,1.7,38,1.7,38,1.7,38,1.7,38.0,1.7,38,1.7,38,1.7,38,1.7,38.0,1.7,38,1.7,38,1.7
December-03,35,1.5,35,1.5,35,1.5,35,1.5,35,1.5,35,1.5,35,1.5,35,1.5,35,1.5,35.0,1.5,35,1.5,35,1.5,35,1.5,35.0,1.5,35,1.5,35,1.5
December-04,24,1.1,24,1.1,24,1.1,24,1.1,24,1.1,24,1.1,24,1.1,24,1.1,24,1.1,24.0,1.1,24,1.1,24,1.1,24,1.1,24.0,1.1,24,1.1,24,1.1
December-05,35,1.9,35,1.9,35,1.9,35,1.9,35,1.9,35,1.9,35,1.9,35,1.9,35,1.9,35.0,1.9,35,1.9,35,1.9,35,1.9,35.0,1.9,35,1.9,35,1.9
December-06,31,1.9,31,1.9,31,1.9,31,1.9,31,1.9,31,1.9,31,1.9,31,1.9,31,1.9,31.0,1.9,31,1.9,31,1.9,31,1.9,31.0,1.9,31,1.9,31,1.9
December-07,36,1.6,36,1.6,36,1.6,36,1.6,36,1.6,36,1.6,36,1.6,36,1.6,36,1.6,36.0,1.6,36,1.6,36,1.6,36,1.6,36.0,1.6,36,1.6,36,1.6
December-08,32,1.5,32,1.5,32,1.5,32,1.5,32,1.5,32,1.5,32,1.5,32,1.5,32,1.5,32.0,1.5,32,1.5,32,1.5,32,1.5,32.0,1.5,32,1.5,32,1.5
December-09,24,1.1,24,1.1,24,1.1,24,1.1,24,1.1,24,1.1,24,1.1,24,1.1,24,1.1,24.0,1.1,24,1.1,24,1.1,24,1.1,24.0,1.1,24,1.1,24,1.1
December-10,37,2.0,37,2.0,37,2.0,37,2.0,37,2.0,37,2.0,37,2.0,37,2.0,37,2.0,37.0,2.0,37,2.0,37,2.0,37,2.0,37.0,2.0,37,2.0,37,2.0
December-11,19,1.0,19,1.0,19,1.0,19,1.0,19,1.0,19,1.0,19,1.0,19,1.0,19,1.0,19.0,1.0,19,1.0,19,1.0,19,1.0,19.0,1.0,19,1.0,19,1.0
December-12,34,2.6,34,2.6,34,2.6,34,2.6,34,2.6,34,2.6,34,2.6,34,2.6,34,2.6,34.0,2.6,34,2.6,34,2.6,34,2.6,34.0,2.6,34,2.6,34,2.6
December-13,32,2.4,32,2.4,32,2.4,32,2.4,32,2.4,32,2.4,32,2.4,32,2.4,32,2.4,32.0,2.4,32,2.4,32,2.4,32,2.4,32.0,2.4,32,2.4,32,2.4
December-14,37,2.1,37,2.1,37,2.1,37,2.1,37,2.1,37,2.1,37,2.1,37,2.1,37,2.1,37.0,2.1,37,2.1,37,2.1,37,2.1,37.0,2.1,37,2.1,37,2.1
December-15,40,2.1,40,2.1,40,2.1,40,2.1,40,2.1,40,2.1,40,2.1,40,2.1,40,2.1,40.0,2.1,40,2.1,40,2.1,40,2.1,40.0,2.1,40,2.1,40,2.1
December-16,27,1.7,27,1.7,27,1.7,27,1.7,27,1.7,27,1.7,27,1.7,27,1.7,27,1.7,27.0,1.7,27,1.7,27,1.7,27,1.7,27.0,1.7,27,1.7,27,1.7
December-17,36,3.2,36,3.2,36,3.2,36,3.2,36,3.2,36,3.2,36,3.2,36,3.2,36,3.2,36.0,3.2,36,3.2,36,3.2,36,3.2,36.0,3.2,36,3.2,36,3.2
December-18,25,1.9,25,1.9,25,1.9,25,1.9,25,1.9,25,1.9,25,1.9,25,1.9,25,1.9,25.0,1.9,25,1.9,25,1.9,25,1.9,25.0,1.9,25,1.9,25,1.9
December-19,25,2.0,25,2.0,25,2.0,25,2.0,25,2.0,25,2.0,25,2.0,25,2.0,25,2.0,25.0,2.0,25,2.0,25,2.0,25,2.0,25.0,2.0,25,2.0,25,2.0
December-20,38,3.3,38,3.3,38,3.3,38,3.3,38,3.3,38,3.3,38,3.3,38,3.3,38,3.3,38.0,3.3,38,3.3,38,3.3,38,3.3,38.0,3.3,38,3.3,38,3.3
December-21,32,2.2,32,2.2,32,2.2,32,2.2,32,2.2,32,2.2,32,2.2,32,2.2,32,2.2,32.0,2.2,32,2.2,32,2.2,32,2.2,32.0,2.2,32,2.2,32,2.2
December-22,17,1.3,17,1.3,17,1.3,17,1.3,17,1.3,17,1.3,17,1.3,17,1.3,17,1.3,17.0,1.3,17,1.3,17,1.3,17,1.3,17.0,1.3,17,1.3,17,1.3
December-23,30,2.2,30,2.2,30,2.2,30,2.2,30,2.2,30,2.2,30,2.2,30,2.2,30,2.2,30.0,2.2,30,2.2,30,2.2,30,2.2,30.0,2.2,30,2.2,30,2.2
December-24,19,1.5,19,1.5,19,1.5,19,1.5,19,1.5,19,1.5,19,1.5,19,1.5,19,1.5,19.0,1.5,19,1.5,19,1.5,19,1.5,19.0,1.5,19,1.5,19,1.5
December-25,20,1.7,20,1.7,20,1.7,20,1.7,20,1.7,20,1.7,20,1.7,20,1.7,20,1.7,20.0,1.7,20,1.7,20,1.7,20,1.7,20.0,1.7,20,1.7,20,1.7
December-26,30,3.6,30,3.6,30,3.6,30,3.6,30,3.6,30,3.6,30,3.6,30,3.6,30,3.6,30.0,3.6,30,3.6,30,3.6,30,3.6,30.0,3.6,30,3.6,30,3.6
December-27,24,2.3,24,2.3,24,2.3,24,2.3,24,2.3,24,2.3,24,2.3,24,2.3,24,2.3,24.0,2.3,24,2.3,24,2.3,24,2.3,24.0,2.3,24,2.3,24,2.3
December-28,27,2.9,27,2.9,27,2.9,27,2.9,27,2.9,27,2.9,27,2.9,27,2.9,27,2.9,27.0,2.9,27,2.9,27,2.9,27,2.9,27.0,2.9,27,2.9,27,2.9
December-29,30,2.5,30,2.5,30,2.5,30,2.5,30,2.5,30,2.5,30,2.5,30,2.5,30,2.5,30.0,2.5,30,2.5,30,2.5,30,2.5,30.0,2.5,30,2.5,30,2.5
December-30,22,1.8,22,1.8,22,1.8,22,1.8,22,1.8,22,1.8,22,1.8,22,1.8,22,1.8,22.0,1.8,22,1.8,22,1.8,22,1.8,22.0,1.8,22,1.8,22,1.8
December-31,28,2.8,28,2.8,28,2.8,28,2.8,28,2.8,28,2.8,28,2.8,28,2.8,28,2.8,28.0,2.8,28,2.8,28,2.8,28,2.8,28.0,2.8,28,2.8,28,2.8
January-01,17,1.7,17,1.7,17,1.7,17,1.7,17,1.7,17,1.7,17,1.7,17,1.7,17,1.7,17.0,1.7,17,1.7,17,1.7,17,1.7,17.0,1.7,17,1.7,17,1.7
January-02,23,3.4,23,3.4,23,3.4,23,3.4,23,3.4,23,3.4,23,3.4,23,3.4,23,3.4,23.0,3.4,23,3.4,23,3.4,23,3.4,23.0,3.4,23,3.4,23,3.4
January-03,27,3.2,27,3.2,27,3.2,27,3.2,27,3.2,27,3.2,27,3.2,27,3.2,27,3.2,27.0,3.2,27,3.2,27,3.2,27,3.2,27.0,3.2,27,3.2,27,3.2
January-04,24,2.6,24,2.6,24,2.6,24,2.6,24,2.6,24,2.6,24,2.6,24,2.6,24,2.6,24.0,2.6,24,2.6,24,2.6,24,2.6,24.0,2.6,24,2.6,24,2.6
January-05,20,2.0,20,2.0,20,2.0,20,2.0,20,2.0,20,2.0,20,2.0,20,2.0,20,2.0,20.0,2.0,20,2.0,20,2.0,20,2.0,20.0,2.0,20,2.0,20,2.0
January-06,17,1.7,17,1.7,17,1.7,17,1.7,17,1.7,17,1.7,17,1.7,17,1.7,17,1.7,17.0,1.7,17,1.7,17,1.7,17,1.7,17.0,1.7,17,1.7,17,1.7
January-07,31,3.1,31,3.1,31,3.1,31,3.1,31,3.1,31,3.1,31,3.1,31,3.1,31,3.1,31.0,3.1,31,3.1,31,3.1,31,3.1,31.0,3.1,31,3.1,31,3.1
January-08,16,2.0,16,2.0,16,2.0,16,2.0,16,2.0,16,2.0,16,2.0,16,2.0,16,2.0,16.0,2.0,16,2.0,16,2.0,16,2.0,16.0,2.0,16,2.0,16,2.0
January-09,22,3.2,22,3.2,22,3.2,22,3.2,22,3.2,22,3.2,22,3.2,22,3.2,22,3.2,22.0,3.2,22,3.2,22,3.2,22,3.2,22.0,3.2,22,3.2,22,3.2
January-10,25,2.3,25,2.3,25,2.3,25,2.3,25,2.3,25,2.3,25,2.3,25,2.3,25,2.3,25.0,2.3,25,2.3,25,2.3,25,2.3,25.0,2.3,25,2.3,25,2.3
January-11,22,2.6,22,2.6,22,2.6,22,2.6,22,2.6,22,2.6,22,2.6,22,2.6,22,2.6,22.0,2.6,22,2.6,22,2.6,22,2.6,22.0,2.6,22,2.6,22,2.6
January-12,16,2.2,16,2.2,16,2.2,16,2.2,16,2.2,16,2.2,16,2.2,16,2.2,16,2.2,16.0,2.2,16,2.2,16,2.2,16,2.2,16.0,2.2,16,2.2,16,2.2
January-13,14,1.6,14,1.6,14,1.6,14,1.6,14,1.6,14,1.6,14,1.6,14,1.6,14,1.6,14.0,1.6,14,1.6,14,1.6,14,1.6,14.0,1.6,14,1.6,14,1.6
January-14,16,2.0,16,2.0,16,2.0,16,2.0,16,2.0,16,2.0,16,2.0,16,2.0,16,2.0,16.0,2.0,16,2.0,16,2.0,16,2.0,16.0,2.0,16,2.0,16,2.0
January-15,13,1.7,13,1.7,13,1.7,13,1.7,13,1.7,13,1.7,13,1.7,13,1.7,13,1.7,13.0,1.7,13,1.7,13,1.7,13,1.7,13.0,1.7,13,1.7,13,1.7
January-16,21,3.6,21,3.6,21,3.6,21,3.6,21,3.6,21,3.6,21,3.6,21,3.6,21,3.6,21.0,3.6,21,3.6,21,3.6,21,3.6,21.0,3.6,21,3.6,21,3.6
January-17,23,4.0,23,4.0,23,4.0,23,4.0,23,4.0,23,4.0,23,4.0,23,4.0,23,4.0,23.0,4.0,23,4.0,23,4.0,23,4.0,23.0,4.0,23,4.0,23,4.0
January-18,16,2.3,16,2.3,16,2.3,16,2.3,16,2.3,16,2.3,16,2.3,16,2.3,16,2.3,16.0,2.3,16,2.3,16,2.3,16,2.3,16.0,2.3,16,2.3,16,2.3
January-19,20,2.8,20,2.8,20,2.8,20,2.8,20,2.8,20,2.8,20,2.8,20,2.8,20,2.8,20.0,2.8,20,2.8,20,2.8,20,2.8,20.0,2.8,20,2.8,20,2.8
January-20,8,1.2,8,1.2,8,1.2,8,1.2,8,1.2,8,1.2,8,1.2,8,1.2,8,1.2,8.0,1.2,8,1.2,8,1.2,8,1.2,8.0,1.2,8,1.2,8,1.2
January-21,16,2.7,16,2.7,16,2.7,16,2.7,16,2.7,16,2.7,16,2.7,16,2.7,16,2.7,16.0,2.7,16,2.7,16,2.7,16,2.7,16.0,2.7,16,2.7,16,2.7
January-22,15,2.4,15,2.4,15,2.4,15,2.4,15,2.4,15,2.4,15,2.4,15,2.4,15,2.4,15.0,2.4,15,2.4,15,2.4,15,2.4,15.0,2.4,15,2.4,15,2.4
January-23,22,5.0,22,5.0,22,5.0,22,5.0,22,5.0,22,5.0,22,5.0,22,5.0,22,5.0,22.0,5.0,22,5.0,22,5.0,22,5.0,22.0,5.0,22,5.0,22,5.0
January-24,20,4.2,20,4.2,20,4.2,20,4.2,20,4.2,20,4.2,20,4.2,20,4.2,20,4.2,20.0,4.2,20,4.2,20,4.2,20,4.2,20.0,4.2,20,4.2,20,4.2
January-25,18,3.0,18,3.0,18,3.0,18,3.0,18,3.0,18,3.0,18,3.0,18,3.0,18,3.0,18.0,3.0,18,3.0,18,3.0,18,3.0,18.0,3.0,18,3.0,18,3.0
January-26,14,2.7,14,2.7,14,2.7,14,2.7,14,2.7,14,2.7,14,2.7,14,2.7,14,2.7,14.0,2.7,14,2.7,14,2.7,14,2.7,14.0,2.7,14,2.7,14,2.7
January-27,17,3.2,17,3.2,17,3.2,17,3.2,17,3.2,17,3.2,17,3.2,17,3.2,17,3.2,17.0,3.2,17,3.2,17,3.2,17,3.2,17.0,3.2,17,3.2,17,3.2
January-28,15,2.9,15,2.9,15,2.9,15,2.9,15,2.9,15,2.9,15,2.9,15,2.9,15,2.9,15.0,2.9,15,2.9,15,2.9,15,2.9,15.0,2.9,15,2.9,15,2.9
January-29,7,1.5,7,1.5,7,1.5,7,1.5,7,1.5,7,1.5,7,1.5,7,1.5,7,1.5,7.0,1.5,7,1.5,7,1.5,7,1.5,7.0,1.5,7,1.5,7,1.5
January-30,17,4.7,17,4.7,17,4.7,17,4.7,17,4.7,17,4.7,17,4.7,17,4.7,17,4.7,17.0,4.7,17,4.7,17,4.7,17,4.7,17.0,4.7,17,4.7,17,4.7
January-31,16,4.3,16,4.3,16,4.3,16,4.3,16,4.3,16,4.3,16,4.3,16,4.3,16,4.3,16.0,4.3,16,4.3,16,4.3,16,4.3,16.0,4.3,16,4.3,16,4.3
February-01,10,2.3,10,2.3,10,2.3,10,2.3,10,2.3,10,2.3,10,2.3,10,2.3,10,2.3,10.0,2.3,10,2.3,10,2.3,10,2.3,10.0,2.3,10,2.3,10,2.3
February-02,12,2.3,12,2.3,12,2.3,12,2.3,12,2.3,12,2.3,12,2.3,12,2.3,12,2.3,12.0,2.3,12,2.3,12,2.3,12,2.3,12.0,2.3,12,2.3,12,2.3
February-03,13,3.0,13,3.0,13,3.0,13,3.0,13,3.0,13,3.0,13,3.0,13,3.0,13,3.0,13.0,3.0,13,3.0,13,3.0,13,3.0,13.0,3.0,13,3.0,13,3.0
February-04,13,2.7,13,2.7,13,2.7,13,2.7,13,2.7,13,2.7,13,2.7,13,2.7,13,2.7,13.0,2.7,13,2.7,13,2.7,13,2.7,13.0,2.7,13,2.7,13,2.7
February-05,7,1.6,7,1.6,7,1.6,7,1.6,7,1.6,7,1.6,7,1.6,7,1.6,7,1.6,7.0,1.6,7,1.6,7,1.6,7,1.6,7.0,1.6,7,1.6,7,1.6
February-06,8,2.6,8,2.6,8,2.6,8,2.6,8,2.6,8,2.6,8,2.6,8,2.6,8,2.6,8.0,2.6,8,2.6,8,2.6,8,2.6,8.0,2.6,8,2.6,8,2.6
February-07,15,5.1,15,5.1,15,5.1,15,5.1,15,5.1,15,5.1,15,5.1,15,5.1,15,5.1,15.0,5.1,15,5.1,15,5.1,15,5.1,15.0,5.1,15,5.1,15,5.1
February-08,16,5.1,16,5.1,16,5.1,16,5.1,16,5.1,16,5.1,16,5.1,16,5.1,16,5.1,16.0,5.1,16,5.1,16,5.1,16,5.1,16.0,5.1,16,5.1,16,5.1
February-09,8,2.1,8,2.1,8,2.1,8,2.1,8,2.1,8,2.1,8,2.1,8,2.1,8,2.1,8.0,2.1,8,2.1,8,2.1,8,2.1,8.0,2.1,8,2.1,8,2.1
February-10,10,2.6,10,2.6,10,2.6,10,2.6,10,2.6,10,2.6,10,2.6,10,2.6,10,2.6,10.0,2.6,10,2.6,10,2.6,10,2.6,10.0,2.6,10,2.6,10,2.6
February-11,9,2.2,9,2.2,9,2.2,9,2.2,9,2.2,9,2.2,9,2.2,9,2.2,9,2.2,9.0,2.2,9,2.2,9,2.2,9,2.2,9.0,2.2,9,2.2,9,2.2
February-12,5,1.2,5,1.2,5,1.2,5,1.2,5,1.2,5,1.2,5,1.2,5,1.2,5,1.2,5.0,1.2,5,1.2,5,1.2,5,1.2,5.0,1.2,5,1.2,5,1.2
February-13,13,4.5,13,4.5,13,4.5,13,4.5,13,4.5,13,4.5,13,4.5,13,4.5,13,4.5,13.0,4.5,13,4.5,13,4.5,13,4.5,13.0,4.5,13,4.5,13,4.5
February-14,8,2.5,8,2.5,8,2.5,8,2.5,8,2.5,8,2.5,8,2.5,8,2.5,8,2.5,8.0,2.5,8,2.5,8,2.5,8,2.5,8.0,2.5,8,2.5,8,2.5
February-15,11,2.5,11,2.5,11,2.5,11,2.5,11,2.5,11,2.5,11,2.5,11,2.5,11,2.5,11.0,2.5,11,2.5,11,2.5,11,2.5,11.0,2.5,11,2.5,11,2.5
February-16,13,3.3,13,3.3,13,3.3,13,3.3,13,3.3,13,3.3,13,3.3,13,3.3,13,3.3,13.0,3.3,13,3.3,13,3.3,13,3.3,13.0,3.3,13,3.3,13,3.3
February-17,16,3.6,16,3.6,16,3.6,16,3.6,16,3.6,16,3.6,16,3.6,16,3.6,16,3.6,16.0,3.6,16,3.6,16,3.6,16,3.6,16.0,3.6,16,3.6,16,3.6
February-18,15,3.8,15,3.8,15,3.8,15,3.8,15,3.8,15,3.8,15,3.8,15,3.8,15,3.8,15.0,3.8,15,3.8,15,3.8,15,3.8,15.0,3.8,15,3.8,15,3.8
February-19,8,2.0,8,2.0,8,2.0,8,2.0,8,2.0,8,2.0,8,2.0,8,2.0,8,2.0,8.0,2.0,8,2.0,8,2.0,8,2.0,8.0,2.0,8,2.0,8,2.0
February-20,5,1.4,5,1.4,5,1.4,5,1.4,5,1.4,5,1.4,5,1.4,5,1.4,5,1.4,5.0,1.4,5,1.4,5,1.4,5,1.4,5.0,1.4,5,1.4,5,1.4
February-21,7,2.1,7,2.1,7,2.1,7,2.1,7,2.1,7,2.1,7,2.1,7,2.1,7,2.1,7.0,2.1,7,2.1,7,2.1,7,2.1,7.0,2.1,7,2.1,7,2.1
February-22,7,1.9,7,1.9,7,1.9,7,1.9,7,1.9,7,1.9,7,1.9,7,1.9,7,1.9,7.0,1.9,7,1.9,7,1.9,7,1.9,7.0,1.9,7,1.9,7,1.9
February-23,18,4.5,18,4.5,18,4.5,18,4.5,18,4.5,18,4.5,18,4.5,18,4.5,18,4.5,18.0,4.5,18,4.5,18,4.5,18,4.5,18.0,4.5,18,4.5,18,4.5
February-24,5,1.2,5,1.2,5,1.2,5,1.2,5,1.2,5,1.2,5,1.2,5,1.2,5,1.2,,,5,1.2,5,1.2,5,1.2,5.0,1.2,5,1.2,5,1.2
February-25,5,1.2,5,1.2,5,1.2,5,1.2,5,1.2,5,1.2,5,1.2,5,1.2,5,1.2,5.0,1.2,5,1.2,5,1.2,5,1.2,5.0,1.2,5,1.2,5,1.2
February-26,11,2.3,11,2.3,11,2.3,11,2.3,11,2.3,11,2.3,11,2.3,11,2.3,11,2.3,11.0,2.3,11,2.3,11,2.3,11,2.3,11.0,2.3,11,2.3,11,2.3
February-27,5,1.2,5,1.2,5,1.2,5,1.2,5,1.2,5,1.2,5,1.2,5,1.2,5,1.2,5.0,1.2,5,1.2,5,1.2,5,1.2,5.0,1.2,5,1.2,5,1.2
February-28,8,2.1,8,2.1,8,2.1,8,2.1,8,2.1,8,2.1,8,2.1,8,2.1,8,2.1,8.0,2.1,8,2.1,8,2.1,8,2.1,8.0,2.1,8,2.1,8,2.1
March-01,8,1.4,8,1.4,8,1.4,8,1.4,8,1.4,8,1.4,8,1.4,8,1.4,8,1.4,8.0,1.4,8,1.4,8,1.4,8,1.4,8.0,1.4,8,1.4,8,1.4
March-02,7,1.4,7,1.4,7,1.4,7,1.4,7,1.4,7,1.4,7,1.4,7,1.4,7,1.4,7.0,1.4,7,1.4,7,1.4,7,1.4,7.0,1.4,7,1.4,7,1.4
March-03,5,0.8,5,0.8,5,0.8,5,0.8,5,0.8,5,0.8,5,0.8,5,0.8,5,0.8,5.0,0.8,5,0.8,5,0.8,5,0.8,5.0,0.8,5,0.8,5,0.8
March-04,7,1.1,7,1.1,7,1.1,7,1.1,7,1.1,7,1.1,7,1.1,7,1.1,7,1.1,7.0,1.1,7,1.1,7,1.1,7,1.1,7.0,1.1,7,1.1,7,1.1
March-05,6,0.9,6,0.9,6,0.9,6,0.9,6,0.9,6,0.9,6,0.9,6,0.9,6,0.9,6.0,0.9,6,0.9,6,0.9,6,0.9,6.0,0.9,6,0.9,6,0.9
March-06,10,1.9,10,1.9,10,1.9,10,1.9,10,1.9,10,1.9,10,1.9,10,1.9,10,1.9,10.0,1.9,10,1.9,10,1.9,10,1.9,10.0,1.9,10,1.9,10,1.9
March-07,11,1.8,11,1.8,11,1.8,11,1.8,11,1.8,11,1.8,11,1.8,11,1.8,11,1.8,11.0,1.8,11,1.8,11,1.8,11,1.8,11.0,1.8,11,1.8,11,1.8
March-08,14,1.7,14,1.7,14,1.7,14,1.7,14,1.7,14,1.7,14,1.7,14,1.7,14,1.7,14.0,1.7,14,1.7,14,1.7,14,1.7,14.0,1.7,14,1.7,14,1.7
March-09,13,1.4,13,1.4,13,1.4,13,1.4,13,1.4,13,1.4,13,1.4,13,1.4,13,1.4,13.0,1.4,13,1.4,13,1.4,13,1.4,13.0,1.4,13,1.4,13,1.4
March-10,7,0.7,7,0.7,7,0.7,7,0.7,7,0.7,7,0.7,7,0.7,7,0.7,7,0.7,7.0,0.7,7,0.7,7,0.7,7,0.7,7.0,0.7,7,0.7,7,0.7
March-11,6,0.6,6,0.6,6,0.6,6,0.6,6,0.6,6,0.6,6,0.6,6,0.6,6,0.6,6.0,0.6,6,0.6,6,0.6,6,0.6,6.0,0.6,6,0.6,6,0.6
March-12,13,1.2,13,1.2,13,1.2,13,1.2,13,1.2,13,1.2,13,1.2,13,1.2,13,1.2,13.0,1.2,13,1.2,13,1.2,13,1.2,13.0,1.2,13,1.2,13,1.2
March-13,12,1.2,12,1.2,12,1.2,12,1.2,12,1.2,12,1.2,12,1.2,12,1.2,12,1.2,12.0,1.2,12,1.2,12,1.2,12,1.2,12.0,1.2,12,1.2,12,1.2
March-14,18,1.6,18,1.6,18,1.6,18,1.6,18,1.6,18,1.6,18,1.6,18,1.6,18,1.6,18.0,1.6,18,1.6,18,1.6,18,1.6,18.0,1.6,18,1.6,18,1.6
March-15,26,1.5,26,1.5,26,1.5,26,1.5,26,1.5,26,1.5,26,1.5,26,1.5,26,1.5,26.0,1.5,26,1.5,26,1.5,26,1.5,26.0,1.5,26,1.5,26,1.5
March-16,26,1.5,26,1.5,26,1.5,26,1.5,26,1.5,26,1.5,26,1.5,26,1.5,26,1.5,26.0,1.5,26,1.5,26,1.5,26,1.5,26.0,1.5,26,1.5,26,1.5
March-17,11,0.6,11,0.6,11,0.6,11,0.6,11,0.6,11,0.6,11,0.6,11,0.6,11,0.6,11.0,0.6,11,0.6,11,0.6,11,0.6,11.0,0.6,11,0.6,11,0.6
March-18,16,0.7,16,0.7,16,0.7,16,0.7,16,0.7,16,0.7,16,0.7,16,0.7,16,0.7,16.0,0.7,16,0.7,16,0.7,16,0.7,16.0,0.7,16,0.7,16,0.7
March-19,18,0.9,18,0.9,18,0.9,18,0.9,18,0.9,18,0.9,18,0.9,18,0.9,18,0.9,18.0,0.9,18,0.9,18,0.9,18,0.9,18.0,0.9,18,0.9,18,0.9
March-20,26,1.4,26,1.4,26,1.4,26,1.4,26,1.4,26,1.4,26,1.4,26,1.4,26,1.4,26.0,1.4,26,1.4,26,1.4,26,1.4,26.0,1.4,26,1.4,26,1.4
March-21,22,1.0,22,1.0,22,1.0,22,1.0,22,1.0,22,1.0,22,1.0,22,1.0,22,1.0,22.0,1.0,22,1.0,22,1.0,22,1.0,22.0,1.0,22,1.0,22,1.0
March-22,30,1.1,30,1.1,30,1.1,30,1.1,30,1.1,30,1.1,30,1.1,30,1.1,30,1.1,30.0,1.1,30,1.1,30,1.1,30,1.1,30.0,1.1,30,1.1,30,1.1
March-23,18,0.5,18,0.5,18,0.5,18,0.5,18,0.5,18,0.5,18,0.5,18,0.5,18,0.5,18.0,0.5,18,0.5,18,0.5,18,0.5,18.0,0.5,18,0.5,18,0.5
March-24,25,0.7,25,0.7,25,0.7,25,0.7,25,0.7,25,0.7,25,0.7,25,0.7,25,0.7,25.0,0.7,25,0.7,25,0.7,25,0.7,25.0,0.7,25,0.7,25,0.7
March-25,34,0.9,34,0.9,34,0.9,34,0.9,34,0.9,34,0.9,34,0.9,34,0.9,34,0.9,34.0,0.9,34,0.9,34,0.9,34,0.9,34.0,0.9,34,0.9,34,0.9
March-26,33,0.9,33,0.9,33,0.9,33,0.9,33,0.9,33,0.9,33,0.9,33,0.9,33,0.9,33.0,0.9,33,0.9,33,0.9,33,0.9,33.0,0.9,33,0.9,33,0.9
March-27,39,1.1,39,1.1,39,1.1,39,1.1,39,1.1,39,1.1,39,1.1,39,1.1,39,1.1,39.0,1.1,39,1.1,39,1.1,39,1.1,39.0,1.1,39,1.1,39,1.1
March-28,35,0.9,35,0.9,35,0.9,35,0.9,35,0.9,35,0.9,35,0.9,35,0.9,35,0.9,35.0,0.9,35,0.9,35,0.9,35,0.9,35.0,0.9,35,0.9,35,0.9
March-29,45,0.9,45,0.9,45,0.9,45,0.9,45,0.9,45,0.9,45,0.9,45,0.9,45,0.9,45.0,0.9,45,0.9,45,0.9,45,0.9,45.0,0.9,45,0.9,45,0.9
March-30,45,0.9,45,0.9,45,0.9,45,0.9,45,0.9,45,0.9,45,0.9,45,0.9,45,0.9,45.0,0.9,45,0.9,45,0.9,45,0.9,45.0,0.9,45,0.9,45,0.9
March-31,52,1.0,52,1.0,52,1.0,52,1.0,52,1.0,52,1.0,52,1.0,52,1.0,52,1.0,52.0,1.0,52,1.0,52,1.0,52,1.0,52.0,1.0,52,1.0,52,1.0
April-01,59,0.9,59,0.9,59,0.9,59,0.9,59,0.9,59,0.9,59,0.9,59,0.9,59,0.9,59.0,0.9,59,0.9,59,0.9,59,0.9,59.0,0.9,59,0.9,59,0.9
April-02,50,0.7,50,0.7,50,0.7,50,0.7,50,0.7,50,0.7,50,0.7,50,0.7,50,0.7,50.0,0.7,50,0.7,50,0.7,50,0.7,50.0,0.7,50,0.7,50,0.7
April-03,58,1.0,58,1.0,58,1.0,58,1.0,58,1.0,58,1.0,58,1.0,58,1.0,58,1.0,58.0,1.0,58,1.0,58,1.0,58,1.0,58.0,1.0,58,1.0,58,1.0
April-04,53,0.7,53,0.7,53,0.7,53,0.7,53,0.7,53,0.7,53,0.7,53,0.7,53,0.7,53.0,0.7,53,0.7,53,0.7,53,0.7,53.0,0.7,53,0.7,53,0.7
April-05,52,0.7,52,0.7,52,0.7,52,0.7,52,0.7,52,0.7,52,0.7,52,0.7,52,0.7,52.0,0.7,52,0.7,52,0.7,52,0.7,52.0,0.7,52,0.7,52,0.7
April-06,66,0.9,66,0.9,66,0.9,66,0.9,66,0.9,66,0.9,66,0.9,66,0.9,66,0.9,66.0,0.9,66,0.9,66,0.9,66,0.9,66.0,0.9,66,0.9,66,0.9
April-07,63,0.8,63,0.8,63,0.8,63,0.8,63,0.8,63,0.8,63,0.8,63,0.8,63,0.8,63.0,0.8,63,0.8,63,0.8,63,0.8,63.0,0.8,63,0.8,63,0.8
April-08,74,1.1,74,1.1,74,1.1,74,1.1,74,1.1,74,1.1,74,1.1,74,1.1,74,1.1,74.0,1.1,74,1.1,74,1.1,74,1.1,74.0,1.1,74,1.1,74,1.1
April-09,63,0.8,63,0.8,63,0.8,63,0.8,63,0.8,63,0.8,63,0.8,63,0.8,63,0.8,63.0,0.8,63,0.8,63,0.8,63,0.8,63.0,0.8,63,0.8,63,0.8
April-10,77,1.4,77,1.4,77,1.4,77,1.4,77,1.4,77,1.4,77,1.4,77,1.4,77,1.4,77.0,1.4,77,1.4,77,1.4,77,1.4,77.0,1.4,77,1.4,77,1.4
April-11,78,1.3,78,1.3,78,1.3,78,1.3,78,1.3,78,1.3,78,1.3,78,1.3,78,1.3,78.0,1.3,78,1.3,78,1.3,78,1.3,78.0,1.3,78,1.3,78,1.3
April-12,83,1.2,83,1.2,83,1.2,83,1.2,83,1.2,83,1.2,83,1.2,83,1.2,83,1.2,83.0,1.2,83,1.2,83,1.2,83,1.2,83.0,1.2,83,1.2,83,1.2
April-13,69,1.1,69,1.1,69,1.1,69,1.1,69,1.1,69,1.1,69,1.1,69,1.1,69,1.1,69.0,1.1,69,1.1,69,1.1,69,1.1,69.0,1.1,69,1.1,69,1.1
April-14,96,1.9,96,1.9,96,1.9,96,1.9,96,1.9,96,1.9,96,1.9,96,1.9,96,1.9,96.0,1.9,96,1.9,96,1.9,96,1.9,96.0,1.9,96,1.9,96,1.9
April-15,94,2.2,94,2.2,94,2.2,94,2.2,94,2.2,94,2.2,94,2.2,94,2.2,94,2.2,94.0,2.2,94,2.2,94,2.2,94,2.2,94.0,2.2,94,2.2,94,2.2
April-16,101,2.3,101,2.3,101,2.3,101,2.3,101,2.3,101,2.3,101,2.3,101,2.3,101,2.3,101.0,2.3,101,2.3,101,2.3,101,2.3,101.0,2.3,101,2.3,101,2.3
April-17,101,2.9,101,2.9,101,2.9,101,2.9,101,2.9,101,2.9,101,2.9,101,2.9,101,2.9,101.0,2.9,101,2.9,101,2.9,101,2.9,101.0,2.9,101,2.9,101,2.9
April-18,102,2.8,102,2.8,102,2.8,102,2.8,102,2.8,102,2.8,102,2.8,102,2.8,102,2.8,102.0,2.8,102,2.8,102,2.8,102,2.8,102.0,2.8,102,2.8,102,2.8
April-19,112,2.6,112,2.6,112,2.6,112,2.6,112,2.6,112,2.6,112,2.6,112,2.6,112,2.6,112.0,2.6,112,2.6,112,2.6,112,2.6,112.0,2.6,112,2.6,112,2.6
April-20,91,2.0,91,2.0,91,2.0,91,2.0,91,2.0,91,2.0,91,2.0,91,2.0,91,2.0,91.0,2.0,91,2.0,91,2.0,91,2.0,91.0,2.0,91,2.0,91,2.0
April-21,95,2.2,95,2.2,95,2.2,95,2.2,95,2.2,95,2.2,95,2.2,95,2.2,95,2.2,95.0,2.2,95,2.2,95,2.2,95,2.2,95.0,2.2,95,2.2,95,2.2
April-22,98,2.4,98,2.4,98,2.4,98,2.4,98,2.4,98,2.4,98,2.4,98,2.4,98,2.4,98.0,2.4,98,2.4,98,2.4,98,2.4,98.0,2.4,98,2.4,98,2.4
April-23,88,2.4,88,2.4,88,2.4,88,2.4,88,2.4,88,2.4,88,2.4,88,2.4,88,2.4,88.0,2.4,88,2.4,88,2.4,88,2.4,88.0,2.4,88,2.4,88,2.4
April-24,83,3.1,83,3.1,83,3.1,83,3.1,83,3.1,83,3.1,83,3.1,83,3.1,83,3.1,83.0,3.1,83,3.1,83,3.1,83,3.1,83.0,3.1,83,3.1,83,3.1
April-25,101,3.5,101,3.5,101,3.5,101,3.5,101,3.5,101,3.5,101,3.5,101,3.5,101,3.5,101.0,3.5,101,3.5,101,3.5,101,3.5,101.0,3.5,101,3.5,101,3.5
April-26,97,2.9,97,2.9,97,2.9,97,2.9,97,2.9,97,2.9,97,2.9,97,2.9,97,2.9,97.0,2.9,97,2.9,97,2.9,97,2.9,97.0,2.9,97,2.9,97,2.9
April-27,78,2.6,78,2.6,78,2.6,78,2.6,78,2.6,78,2.6,78,2.6,78,2.6,78,2.6,78.0,2.6,78,2.6,78,2.6,78,2.6,78.0,2.6,78,2.6,78,2.6
April-28,77,2.6,77,2.6,77,2.6,77,2.6,77,2.6,77,2.6,77,2.6,77,2.6,77,2.6,77.0,2.6,77,2.6,77,2.6,77,2.6,77.0,2.6,77,2.6,77,2.6
April-29,88,3.8,88,3.8,88,3.8,88,3.8,88,3.8,88,3.8,88,3.8,88,3.8,88,3.8,88.0,3.8,88,3.8,88,3.8,88,3.8,88.0,3.8,88,3.8,88,3.8
April-30,57,2.6,57,2.6,57,2.6,57,2.6,57,2.6,57,2.6,57,2.6,57,2.6,57,2.6,57.0,2.6,57,2.6,57,2.6,57,2.6,57.0,2.6,57,2.6,57,2.6
May-01,60,4.1,60,4.1,60,4.1,60,4.1,60,4.1,60,4.1,60,4.1,60,4.1,60,4.1,60.0,4.1,60,4.1,60,4.1,60,4.1,60.0,4.1,60,4.1,60,4.1
May-02,69,5.1,69,5.1,69,5.1,69,5.1,69,5.1,69,5.1,69,5.1,69,5.1,69,5.1,69.0,5.1,69,5.1,69,5.1,69,5.1,69.0,5.1,69,5.1,69,5.1
May-03,65,3.7,65,3.7,65,3.7,65,3.7,65,3.7,65,3.7,65,3.7,65,3.7,65,3.7,65.0,3.7,65,3.7,65,3.7,65,3.7,65.0,3.7,65,3.7,65,3.7
May-04,61,3.2,61,3.2,61,3.2,61,3.2,61,3.2,61,3.2,61,3.2,61,3.2,61,3.2,61.0,3.2,61,3.2,61,3.2,61,3.2,61.0,3.2,61,3.2,61,3.2
May-05,50,2.9,50,2.9,50,2.9,50,2.9,50,2.9,50,2.9,50,2.9,50,2.9,50,2.9,50.0,2.9,50,2.9,50,2.9,50,2.9,50.0,2.9,50,2.9,50,2.9
May-06,41,2.3,41,2.3,41,2.3,41,2.3,41,2.3,41,2.3,41,2.3,41,2.3,41,2.3,41.0,2.3,41,2.3,41,2.3,41,2.3,41.0,2.3,41,2.3,41,2.3
May-07,37,2.2,37,2.2,37,2.2,37,2.2,37,2.2,37,2.2,37,2.2,37,2.2,37,2.2,37.0,2.2,37,2.2,37,2.2,37,2.2,37.0,2.2,37,2.2,37,2.2
May-08,45,3.5,45,3.5,45,3.5,45,3.5,45,3.5,45,3.5,45,3.5,45,3.5,45,3.5,45.0,3.5,45,3.5,45,3.5,45,3.5,45.0,3.5,45,3.5,45,3.5
May-09,56,4.0,56,4.0,56,4.0,56,4.0,56,4.0,56,4.0,56,4.0,56,4.0,56,4.0,56.0,4.0,56,4.0,56,4.0,56,4.0,56.0,4.0,56,4.0,56,4.0
May-10,38,2.5,38,2.5,38,2.5,38,2.5,38,2.5,38,2.5,38,2.5,38,2.5,38,2.5,38.0,2.5,38,2.5,38,2.5,38,2.5,38.0,2.5,38,2.5,38,2.5
May-11,33,2.7,33,2.7,33,2.7,33,2.7,33,2.7,33,2.7,33,2.7,33,2.7,33,2.7,33.0,2.7,33,2.7,33,2.7,33,2.7,33.0,2.7,33,2.7,33,2.7
May-12,40,3.5,40,3.5,40,3.5,40,3.5,40,3.5,40,3.5,40,3.5,40,3.5,40,3.5,40.0,3.5,40,3.5,40,3.5,40,3.5,40.0,3.5,40,3.5,40,3.5
May-13,31,2.4,31,2.4,31,2.4,31,2.4,31,2.4,31,2.4,31,2.4,31,2.4,31,2.4,31.0,2.4,31,2.4,31,2.4,31,2.4,31.0,2.4,31,2.4,31,2.4
May-14,26,3.1,26,3.1,26,3.1,26,3.1,26,3.1,26,3.1,26,3.1,26,3.1,26,3.1,26.0,3.1,26,3.1,26,3.1,26,3.1,,,26,3.1,26,3.1
May-15,22,8.4,22,8.4,22,8.4,22,8.4,22,8.4,22,8.4,22,8.4,22,8.4,22,8.4,22.0,8.4,22,8.4,22,8.4,22,8.4,22.0,8.4,22,8.4,22,8.4
May-16,25,6.9,25,6.9,25,6.9,25,6.9,25,6.9,25,6.9,25,6.9,25,6.9,25,6.9,25.0,6.9,25,6.9,25,6.9,25,6.9,25.0,6.9,25,6.9,25,6.9
May-17,32,4.6,32,4.6,32,4.6,32,4.6,32,4.6,32,4.6,32,4.6,32,4.6,32,4.6,32.0,4.6,32,4.6,32,4.6,32,4.6,32.0,4.6,32,4.6,32,4.6
May-18,30,2.4,30,2.4,30,2.4,30,2.4,30,2.4,30,2.4,30,2.4,30,2.4,30,2.4,30.0,2.4,30,2.4,30,2.4,30,2.4,30.0,2.4,30,2.4,30,2.4
May-19,37,2.3,37,2.3,37,2.3,37,2.3,37,2.3,37,2.3,37,2.3,37,2.3,37,2.3,37.0,2.3,37,2.3,37,2.3,37,2.3,37.0,2.3,37,2.3,37,2.3
May-20,36,2.5,36,2.5,36,2.5,36,2.5,36,2.5,36,2.5,36,2.5,36,2.5,36,2.5,36.0,2.5,36,2.5,36,2.5,36,2.5,36.0,2.5,36,2.5,36,2.5
May-21,26,1.7,26,1.7,26,1.7,26,1.7,26,1.7,26,1.7,26,1.7,26,1.7,26,1.7,26.0,1.7,26,1.7,26,1.7,26,1.7,26.0,1.7,26,1.7,26,1.7
May-22,38,3.7,38,3.7,38,3.7,38,3.7,38,3.7,38,3.7,38,3.7,38,3.7,38,3.7,38.0,3.7,38,3.7,38,3.7,38,3.7,38.0,3.7,38,3.7,38,3.7
May-23,28,2.1,28,2.1,28,2.1,28,2.1,28,2.1,28,2.1,28,2.1,28,2.1,28,2.1,28.0,2.1,28,2.1,28,2.1,28,2.1,28.0,2.1,28,2.1,28,2.1
May-24,25,1.7,25,1.7,25,1.7,25,1.7,25,1.7,25,1.7,25,1.7,25,1.7,25,1.7,25.0,1.7,25,1.7,25,1.7,25,1.7,25.0,1.7,25,1.7,25,1.7
May-25,40,2.4,40,2.4,40,2.4,40,2.4,40,2.4,40,2.4,40,2.4,40,2.4,40,2.4,40.0,2.4,40,2.4,40,2.4,40,2.4,40.0,2.4,40,2.4,40,2.4
May-26,17,1.1,17,1.1,17,1.1,17,1.1,17,1.1,17,1.1,17,1.1,17,1.1,17,1.1,17.0,1.1,17,1.1,17,1.1,17,1.1,17.0,1.1,17,1.1,17,1.1
May-27,22,1.7,22,1.7,22,1.7,22,1.7,22,1.7,22,1.7,22,1.7,22,1.7,22,1.7,22.0,1.7,22,1.7,22,1.7,22,1.7,22.0,1.7,22,1.7,22,1.7
May-28,31,2.3,31,2.3,31,2.3,31,2.3,31,2.3,31,2.3,31,2.3,31,2.3,31,2.3,31.0,2.3,31,2.3,31,2.3,31,2.3,31.0,2.3,31,2.3,31,2.3
May-29,38,3.6,38,3.6,38,3.6,38,3.6,38,3.6,38,3.6,38,3.6,38,3.6,38,3.6,38.0,3.6,38,3.6,38,3.6,38,3.6,38.0,3.6,38,3.6,38,3.6
May-30,34,2.4,34,2.4,34,2.4,34,2.4,34,2.4,34,2.4,34,2.4,34,2.4,34,2.4,34.0,2.4,34,2.4,34,2.4,34,2.4,34.0,2.4,34,2.4,34,2.4
May-31,36,2.1,36,2.1,36,2.1,36,2.1,36,2.1,36,2.1,36,2.1,36,2.1,36,2.1,36.0,2.1,36,2.1,36,2.1,36,2.1,36.0,2.1,36,2.1,36,2.1
June-01,41,2.3,41,2.3,41,2.3,41,2.3,41,2.3,41,2.3,41,2.3,41,2.3,41,2.3,41.0,2.3,41,2.3,41,2.3,41,2.3,41.0,2.3,41,2.3,41,2.3
June-02,34,1.7,34,1.7,34,1.7,34,1.7,34,1.7,34,1.7,34,1.7,34,1.7,34,1.7,34.0,1.7,34,1.7,34,1.7,34,1.7,34.0,1.7,34,1.7,34,1.7
June-03,30,1.8,30,1.8,30,1.8,30,1.8,30,1.8,30,1.8,30,1.8,30,1.8,30,1.8,30.0,1.8,30,1.8,30,1.8,30,1.8,30.0,1.8,30,1.8,30,1.8
June-04,34,1.8,34,1.8,34,1.8,34,1.8,34,1.8,34,1.8,34,1.8,34,1.8,34,1.8,34.0,1.8,34,1.8,34,1.8,34,1.8,34.0,1.8,34,1.8,34,1.8
June-05,43,3.0,43,3.0,43,3.0,43,3.0,43,3.0,43,3.0,43,3.0,43,3.0,43,3.0,43.0,3.0,43,3.0,43,3.0,43,3.0,43.0,3.0,43,3.0,43,3.0
June-06,38,2.3,38,2.3,38,2.3,38,2.3,38,2.3,38,2.3,38,2.3,38,2.3,38,2.3,38.0,2.3,38,2.3,38,2.3,38,2.3,38.0,2.3,38,2.3,38,2.3
June-07,30,1.5,30,1.5,30,1.5,30,1.5,30,1.5,30,1.5,30,1.5,30,1.5,30,1.5,30.0,1.5,30,1.5,30,1.5,30,1.5,30.0,1.5,30,1.5,30,1.5
June-08,44,1.9,44,1.9,44,1.9,44,1.9,44,1.9,44,1.9,44,1.9,44,1.9,44,1.9,44.0,1.9,44,1.9,44,1.9,44,1.9,44.0,1.9,44,1.9,44,1.9
June-09,36,1.4,36,1.4,36,1.4,36,1.4,36,1.4,36,1.4,36,1.4,36,1.4,36,1.4,36.0,1.4,36,1.4,36,1.4,36,1.4,36.0,1.4,36,1.4,36,1.4
June-10,40,1.6,40,1.6,40,1.6,40,1.6,40,1.6,40,1.6,40,1.6,40,1.6,40,1.6,40.0,1.6,40,1.6,40,1.6,40,1.6,40.0,1.6,40,1.6,40,1.6
June-11,43,1.8,43,1.8,43,1.8,43,1.8,43,1.8,43,1.8,43,1.8,43,1.8,43,1.8,43.0,1.8,43,1.8,43,1.8,43,1.8,43.0,1.8,43,1.8,43,1.8
June-12,39,2.4,39,2.4,39,2.4,39,2.4,39,2.4,39,2.4,39,2.4,39,2.4,39,2.4,39.0,2.4,39,2.4,39,2.4,39,2.4,39.0,2.4,39,2.4,39,2.4
June-13,47,1.9,47,1.9,47,1.9,47,1.9,47,1.9,47,1.9,47,1.9,47,1.9,47,1.9,47.0,1.9,47,1.9,47,1.9,47,1.9,47.0,1.9,47,1.9,47,1.9
June-14,54,1.8,54,1.8,54,1.8,54,1.8,54,1.8,54,1.8,54,1.8,54,1.8,54,1.8,54.0,1.8,54,1.8,54,1.8,54,1.8,54.0,1.8,54,1.8,54,1.8
June-15,50,1.5,50,1.5,50,1.5,50,1.5,50,1.5,50,1.5,50,1.5,50,1.5,50,1.5,50.0,1.5,50,1.5,50,1.5,50,1.5,50.0,1.5,50,1.5,50,1.5
June-16,60,1.5,60,1.5,60,1.5,60,1.5,60,1.5,60,1.5,60,1.5,60,1.5,60,1.5,60.0,1.5,60,1.5,60,1.5,60,1.5,60.0,1.5,60,1.5,60,1.5
June-17,63,1.6,63,1.6,63,1.6,63,1.6,63,1.6,63,1.6,63,1.6,63,1.6,63,1.6,63.0,1.6,63,1.6,63,1.6,63,1.6,63.0,1.6,63,1.6,63,1.6
June-18,54,1.4,54,1.4,54,1.4,54,1.4,54,1.4,54,1.4,54,1.4,54,1.4,54,1.4,54.0,1.4,54,1.4,54,1.4,54,1.4,54.0,1.4,54,1.4,54,1.4
June-19,67,2.2,67,2.2,67,2.2,67,2.2,67,2.2,67,2.2,67,2.2,67,2.2,67,2.2,67.0,2.2,67,2.2,67,2.2,67,2.2,67.0,2.2,67,2.2,67,2.2
June-20,82,2.3,82,2.3,82,2.3,82,2.3,82,2.3,82,2.3,82,2.3,82,2.3,82,2.3,82.0,2.3,82,2.3,82,2.3,82,2.3,82.0,2.3,82,2.3,82,2.3
June-21,78,1.7,78,1.7,78,1.7,78,1.7,78,1.7,78,1.7,78,1.7,78,1.7,78,1.7,78.0,1.7,78,1.7,78,1.7,78,1.7,78.0,1.7,78,1.7,78,1.7
June-22,76,1.6,76,1.6,76,1.6,76,1.6,76,1.6,76,1.6,76,1.6,76,1.6,76,1.6,76.0,1.6,76,1.6,76,1.6,76,1.6,76.0,1.6,76,1.6,76,1.6
June-23,85,1.5,85,1.5,85,1.5,85,1.5,85,1.5,85,1.5,85,1.5,85,1.5,85,1.5,85.0,1.5,85,1.5,85,1.5,85,1.5,85.0,1.5,85,1.5,85,1.5
June-24,81,1.3,81,1.3,81,1.3,81,1.3,81,1.3,81,1.3,81,1.3,81,1.3,81,1.3,81.0,1.3,81,1.3,81,1.3,81,1.3,81.0,1.3,81,1.3,81,1.3
June-25,108,1.8,108,1.8,108,1.8,108,1.8,108,1.8,108,1.8,108,1.8,108,1.8,108,1.8,108.0,1.8,108,1.8,108,1.8,108,1.8,108.0,1.8,108,1.8,108,1.8
June-26,77,1.8,77,1.8,77,1.8,77,1.8,77,1.8,77,1.8,77,1.8,77,1.8,77,1.8,77.0,1.8,77,1.8,77,1.8,77,1.8,77.0,1.8,77,1.8,77,1.8
June-27,119,2.3,119,2.3,119,2.3,119,2.3,119,2.3,119,2.3,119,2.3,119,2.3,119,2.3,119.0,2.3,119,2.3,119,2.3,119,2.3,119.0,2.3,119,2.3,119,2.3
June-28,104,1.2,104,1.2,104,1.2,104,1.2,104,1.2,104,1.2,104,1.2,104,1.2,104,1.2,104.0,1.2,104,1.2,104,1.2,104,1.2,104.0,1.2,104,1.2,104,1.2
June-29,112,1.5,112,1.5,112,1.5,112,1.5,112,1.5,112,1.5,112,1.5,112,1.5,112,1.5,112.0,1.5,112,1.5,112,1.5,112,1.5,112.0,1.5,112,1.5,112,1.5
June-30,115,1.3,115,1.3,115,1.3,115,1.3,115,1.3,115,1.3,115,1.3,115,1.3,115,1.3,115.0,1.3,115,1.3,115,1.3,115,1.3,115.0,1.3,115,1.3,115,1.3
July-01,143,1.7,143,1.7,143,1.7,143,1.7,143,1.7,143,1.7,143,1.7,143,1.7,143,1.7,143.0,1.7,143,1.7,143,1.7,143,1.7,143.0,1.7,143,1.7,143,1.7
July-02,132,1.6,132,1.6,132,1.6,132,1.6,132,1.6,132,1.6,132,1.6,132,1.6,132,1.6,132.0,1.6,132,1.6,132,1.6,132,1.6,132.0,1.6,132,1.6,132,1.6
