Category,Confirmed cases Barisal,Case rate Barisal,Deaths Barisal,Death Rate Barisal,Confirmed cases CTG,Case rate CTG,Deaths CTG,Death Rate CTG,Confirmed cases DHK,Case rate DHK,Deaths DHK,Death Rate DHK,Confirmed cases Khulna,Case rate Khulna,Deaths Khulna,Death Rate Khulna,Confirmed cases MMsingh,Case rate MMsingh,Deaths MMsingh,Death Rate MMsingh,Confirmed cases Rajshahi,Case rate Rajshahi,Deaths Rajshahi,Death Rate Rajshahi,Confirmed cases Rajshahi,Case rate Rajshahi,Deaths Rajshahi,Death Rate Rajshahi,Confirmed cases Sylhet,Case rate Sylhet,Deaths Sylhet,Death Rate Sylhet,Confirmed cases allover Bangladesh,Case rate allover Bangladesh,Deaths allover Bangladesh,Death Rate allover Bangladesh
Mar-20,,,,,,,,,,,,,,,,,,,,,,,,,,,,,,,,,,,,
Mar-20,,,,,,,,,,,,,,,,,,,,,,,,,,,,,,,,,,,,
Mar-20,,,,,,,,,,,,,,,,,,,,,,,,,,,,,,,,,,,,
Mar-20,,,,,,,,,,,,,,,,,,,,,,,,,,,,,,,,,,,,
Mar-20,,,,,,,,,,,,,,,,,,,,,,,,,,,,,,,,,,,,
Mar-20,1,7,,,,,,,3.00,18.00,,,,,,,,,,,,,,,,,,,,,,,,,,
Mar-20,,,,,,,,,,,,,,,,,,,,,,,,,,,,,,,,,,,,
Mar-20,1,13,,,1,50,,,55.00,40.00,,,,,,,,,,,1.00,50.00,,,,,,,,,,,,,,
Mar-20,,,,,2,33,,,,,,,,,,,,,,,,,,,,,,,,,,,,,,
Mar-20,,,,,,,,,,,,,,,,,,,,,,,,,,,,,,,,,,,,
Mar-20,,,,,,,,,,,,,,,,,,,,,,,,,,,,,,,,,,,,
Mar-20,,,,,,,,,,,,,,,,,,,,,,,,,,,,,,,,,,,,
Mar-20,,,,,,,,,,,,,,,,,,,,,,,,,,,,,,,,,,,,
Mar-20,,,,,,,,,,,,,,,,,,,,,,,,,,,,,,,,,,,,
Mar-20,,,,,,,,,,,,,,,,,,,,,,,,,,,,,,,,,,,,
Mar-20,,,,,,,,,,,,,,,,,,,,,,,,,,,,,,,,,,,,
Mar-20,,,,,,,,,,,,,,,,,,,,,,,,,,,,,,,,,,,,
Mar-20,,,1,25,,,1,25,,,1.00,25.00,,,1.00,25.00,,,1.00,25.00,,,1.00,25.00,,,1.00,25.00,,,1.00,25.00,,,1.00,25.00
Mar-20,,,,,,,,,1.00,100.00,,,,,,,,,,,,,,,,,,,,,,,,,,
Mar-20,,,,,,,,,1.00,100.00,,,,,,,,,,,,,,,,,,,,,,,,,,
Mar-20,,,1,25,,,1,25,,,1.00,25.00,,,1.00,25.00,,,1.00,25.00,,,1.00,25.00,,,1.00,25.00,,,1.00,25.00,,,1.00,25.00
Mar-20,,,,,,,,,1.00,100.00,,,,,,,,,,,,,,,,,,,,,,,,,,
Mar-20,,,1,16.7,,,1,16.7,,,1.00,16.70,,,1.00,16.70,,,1.00,16.70,,,1.00,16.70,,,1.00,16.70,,,1.00,16.70,,,1.00,16.70
Mar-20,,,1,16.7,,,1,16.7,,,1.00,16.70,,,1.00,16.70,,,1.00,16.70,,,1.00,16.70,,,1.00,16.70,,,1.00,16.70,,,1.00,16.70
Mar-20,,,1,0,,,1,0,1.00,100.00,1.00,0.00,,,1.00,0.00,,,1.00,0.00,,,1.00,0.00,,,1.00,0.00,,,1.00,0.00,,,1.00,0.00
Mar-20,,,,,,,,,1.00,100.00,,,,,,,,,,,,,,,,,,,,,,,,,,
Mar-20,,,,,,,,,1.00,100.00,,,,,,,,,,,,,,,1.00,100.00,,,,,,,,,,
Mar-20,,,,,,,,,,,,,,,,,,,,,,,,,,,,,,,,,,,,
Mar-20,,,,,,,,,,,,,,,,,,,,,,,,,,,,,,,,,,,,
Mar-20,,,,,,,,,,,,,,,,,,,,,,,,,,,,,,,,,,,,
Mar-20,,,,,,,,,1.00,100.00,,,,,,,,,,,,,,,,,,,,,,,,,,
Apr-20,,,1,33.3,,,1,33.3,,,1.00,33.30,,,1.00,33.30,,,1.00,33.30,,,1.00,33.30,,,1.00,33.30,1.00,100.00,1.00,33.30,,,1.00,33.30
Apr-20,,,,,,,,,,,,,,,,,,,,,,,,,,,,,,,,,,,,
Apr-20,,,,,,,,,,,,,,,,,,,,,,,,,1.00,33.00,,,,,,,5.00,2.00,,
Apr-20,,,2,22.2,,,2,22.2,17.00,17.00,2.00,22.20,,,2.00,22.20,,,2.00,22.20,,,2.00,22.20,,,2.00,22.20,1.00,17.00,2.00,22.20,9.00,2.00,2.00,22.20
Apr-20,,,1,5.6,,,1,5.6,14.00,54.00,1.00,5.60,,,1.00,5.60,3.00,16.00,1.00,5.60,,,1.00,5.60,,,1.00,5.60,2.00,100.00,1.00,5.60,18.00,5.00,1.00,5.60
Apr-20,,,3,8.6,,,3,8.6,22.00,37.00,3.00,8.60,,,3.00,8.60,,,3.00,8.60,,,3.00,8.60,2.00,18.00,3.00,8.60,,,3.00,8.60,35.00,7.00,3.00,8.60
Apr-20,,,5,12.2,2,7,5,12.2,36.00,80.00,5.00,12.20,,,5.00,12.20,,,5.00,12.20,,,5.00,12.20,4.00,50.00,5.00,12.20,,,5.00,12.20,41.00,6.00,5.00,12.20
Apr-20,1,25,3,5.6,6,23,3,5.6,110.00,50.00,3.00,5.60,,,3.00,5.60,3.00,9.00,3.00,5.60,,,3.00,5.60,1.00,13.00,3.00,5.60,1.00,3.00,3.00,5.60,54.00,6.00,3.00,5.60
Apr-20,,,1,0.9,4,12,1,0.9,98.00,61.00,1.00,0.90,,,1.00,0.90,4.00,8.00,1.00,0.90,3.00,100.00,1.00,0.90,2.00,20.00,1.00,0.90,2.00,2.00,1.00,0.90,112.00,12.00,1.00,0.90
Apr-20,,,6,6.4,9,25,6,6.4,55.00,83.00,6.00,6.40,2.00,9.00,6.00,6.40,3.00,7.00,6.00,6.40,1.00,100.00,6.00,6.40,1.00,14.00,6.00,6.40,1.00,1.00,6.00,6.40,94.00,8.00,6.00,6.40
Apr-20,2,13,3,5.2,6,50,3,5.2,34.00,69.00,3.00,5.20,1.00,3.00,3.00,5.20,3.00,75.00,3.00,5.20,,,3.00,5.20,7.00,58.00,3.00,5.20,,,3.00,5.20,58.00,6.00,3.00,5.20
Apr-20,8,35,4,2.9,3,9,4,2.9,84.00,41.00,4.00,2.90,4.00,9.00,4.00,2.90,13.00,24.00,4.00,2.90,3.00,75.00,4.00,2.90,3.00,20.00,4.00,2.90,7.00,8.00,4.00,2.90,139.00,10.00,4.00,2.90
Apr-20,8,73,5,2.7,8,36,5,2.7,129.00,25.00,5.00,2.70,5.00,21.00,5.00,2.70,15.00,21.00,5.00,2.70,8.00,73.00,5.00,2.70,4.00,50.00,5.00,2.70,1.00,1.00,5.00,2.70,182.00,12.00,5.00,2.70
Apr-20,4,44,7,3.3,6,17,7,3.3,129.00,40.00,7.00,3.30,3.00,5.00,7.00,3.30,19.00,16.00,7.00,3.30,1.00,50.00,7.00,3.30,13.00,38.00,7.00,3.30,6.00,7.00,7.00,3.30,209.00,11.00,7.00,3.30
Apr-20,4,13,4,1.8,6,29,4,1.8,187.00,28.00,4.00,1.80,,,4.00,1.80,23.00,16.00,4.00,1.80,,,4.00,1.80,3.00,43.00,4.00,1.80,3.00,5.00,4.00,1.80,219.00,13.00,4.00,1.80
Apr-20,8,38,10,2.9,12,30,10,2.9,245.00,62.00,10.00,2.90,2.00,1.00,10.00,2.90,22.00,15.00,10.00,2.90,1.00,33.00,10.00,2.90,,,10.00,2.90,2.00,3.00,10.00,2.90,341.00,17.00,10.00,2.90
Apr-20,8,40,15,5.6,8,18,15,5.6,250.00,33.00,15.00,5.60,1.00,1.00,15.00,5.60,24.00,15.00,15.00,5.60,3.00,100.00,15.00,5.60,8.00,44.00,15.00,5.60,4.00,5.00,15.00,5.60,266.00,12.00,15.00,5.60
Apr-20,4,22,9,2.9,11,85,9,2.9,263.00,66.00,9.00,2.90,6.00,21.00,9.00,2.90,17.00,10.00,9.00,2.90,,,9.00,2.90,5.00,100.00,9.00,2.90,2.00,100.00,9.00,2.90,306.00,14.00,9.00,2.90
Apr-20,6,60,7,2.2,8,14,7,2.2,344.00,61.00,7.00,2.20,6.00,100.00,7.00,2.20,23.00,32.00,7.00,2.20,1.00,50.00,7.00,2.20,3.00,100.00,7.00,2.20,3.00,100.00,7.00,2.20,312.00,12.00,7.00,2.20
Apr-20,8,36,10,2,6,18,10,2,276.00,53.00,10.00,2.00,4.00,100.00,10.00,2.00,33.00,16.00,10.00,2.00,6.00,75.00,10.00,2.00,11.00,100.00,10.00,2.00,12.00,100.00,10.00,2.00,492.00,18.00,10.00,2.00
Apr-20,8,27,9,2.1,7,54,9,2.1,282.00,47.00,9.00,2.10,7.00,100.00,9.00,2.10,37.00,29.00,9.00,2.10,3.00,100.00,9.00,2.10,5.00,63.00,9.00,2.10,10.00,77.00,9.00,2.10,434.00,15.00,9.00,2.10
Apr-20,6,29,10,2.6,6,75,10,2.6,215.00,78.00,10.00,2.60,9.00,100.00,10.00,2.60,6.00,100.00,10.00,2.60,,,10.00,2.60,10.00,83.00,10.00,2.60,20.00,100.00,10.00,2.60,390.00,13.00,10.00,2.60
Apr-20,8,33,7,1.7,8,13,7,1.7,157.00,69.00,7.00,1.70,4.00,100.00,7.00,1.70,8.00,80.00,7.00,1.70,2.00,67.00,7.00,1.70,10.00,71.00,7.00,1.70,20.00,91.00,7.00,1.70,414.00,12.00,7.00,1.70
Apr-20,21,55,4,0.8,10,16,4,0.8,304.00,77.00,4.00,0.80,11.00,16.00,4.00,0.80,37.00,97.00,4.00,0.80,6.00,75.00,4.00,0.80,18.00,100.00,4.00,0.80,12.00,17.00,4.00,0.80,503.00,14.00,4.00,0.80
Apr-20,7,29,9,2.9,3,6,9,2.9,183.00,61.00,9.00,2.90,2.00,3.00,9.00,2.90,12.00,100.00,9.00,2.90,41.00,11.00,9.00,2.90,6.00,17.00,9.00,2.90,10.00,16.00,9.00,2.90,309.00,9.00,9.00,2.90
Apr-20,7,29,5,1.2,5,6,5,1.2,322.00,43.00,5.00,1.20,12.00,8.00,5.00,1.20,33.00,97.00,5.00,1.20,16.00,94.00,5.00,1.20,11.00,69.00,5.00,1.20,60.00,26.00,5.00,1.20,418.00,12.00,5.00,1.20
Apr-20,9,15,7,1.4,22,28,7,1.4,277.00,66.00,7.00,1.40,2.00,6.00,7.00,1.40,30.00,100.00,7.00,1.40,6.00,12.00,7.00,1.40,25.00,96.00,7.00,1.40,35.00,40.00,7.00,1.40,497.00,13.00,7.00,1.40
Apr-20,3,25,3,0.5,55,30,3,0.5,391.00,73.00,3.00,0.50,5.00,100.00,3.00,0.50,23.00,96.00,3.00,0.50,5.00,100.00,3.00,0.50,8.00,11.00,3.00,0.50,12.00,23.00,3.00,0.50,549.00,13.00,3.00,0.50
Apr-20,10,30,8,1.2,43,38,8,1.2,505.00,46.00,8.00,1.20,5.00,26.00,8.00,1.20,24.00,26.00,8.00,1.20,4.00,5.00,8.00,1.20,4.00,100.00,8.00,1.20,4.00,15.00,8.00,1.20,641.00,13.00,8.00,1.20
Apr-20,2,5,5,0.9,31,13,5,0.9,489.00,52.00,5.00,0.90,8.00,80.00,5.00,0.90,18.00,86.00,5.00,0.90,30.00,77.00,5.00,0.90,4.00,80.00,5.00,0.90,19.00,9.00,5.00,0.90,564.00,11.00,5.00,0.90
May-20,2,3,2,0.4,12,7,2,0.4,445.00,55.00,2.00,0.40,3.00,75.00,2.00,0.40,8.00,89.00,2.00,0.40,2.00,100.00,2.00,0.40,2.00,100.00,2.00,0.40,13.00,18.00,2.00,0.40,571.00,10.00,2.00,0.40
May-20,6,8,5,0.9,15,12,5,0.9,320.00,43.00,5.00,0.90,5.00,5.00,5.00,0.90,25.00,93.00,5.00,0.90,2.00,100.00,5.00,0.90,13.00,28.00,5.00,0.90,4.00,1.00,5.00,0.90,552.00,9.00,5.00,0.90
May-20,7,6,2,0.3,16,4,2,0.3,297.00,29.00,2.00,0.30,1.00,1.00,2.00,0.30,23.00,96.00,2.00,0.30,1.00,4.00,2.00,0.30,2.00,50.00,2.00,0.30,4.00,80.00,2.00,0.30,665.00,12.00,2.00,0.30
May-20,7,8,5,0.7,6,5,5,0.7,315.00,28.00,5.00,0.70,2.00,1.00,5.00,0.70,3.00,60.00,5.00,0.70,2.00,4.00,5.00,0.70,4.00,67.00,5.00,0.70,3.00,5.00,5.00,0.70,688.00,11.00,5.00,0.70
May-20,5,3,1,0.1,27,13,1,0.1,294.00,26.00,1.00,0.10,9.00,8.00,1.00,0.10,37.00,90.00,1.00,0.10,13.00,4.00,1.00,0.10,16.00,89.00,1.00,0.10,10.00,53.00,1.00,0.10,786.00,14.00,1.00,0.10
May-20,4,3,3,0.4,17,8,3,0.4,275.00,21.00,3.00,0.40,1.00,2.00,3.00,0.40,6.00,43.00,3.00,0.40,1.00,3.00,3.00,0.40,4.00,80.00,3.00,0.40,2.00,1.00,3.00,0.40,790.00,13.00,3.00,0.40
May-20,,,13,1.8,13,4,13,1.8,240.00,22.00,13.00,1.80,1.00,5.00,13.00,1.80,25.00,13.00,13.00,1.80,37.00,5.00,13.00,1.80,11.00,100.00,13.00,1.80,3.00,2.00,13.00,1.80,706.00,12.00,13.00,1.80
May-20,12,23,7,1,3,2,7,1,396.00,37.00,7.00,1.00,1.00,1.00,7.00,1.00,14.00,78.00,7.00,1.00,5.00,4.00,7.00,1.00,8.00,11.00,7.00,1.00,8.00,15.00,7.00,1.00,709.00,12.00,7.00,1.00
May-20,4,6,8,1.3,10,10,8,1.3,269.00,42.00,8.00,1.30,1.00,2.00,8.00,1.30,21.00,100.00,8.00,1.30,22.00,13.00,8.00,1.30,3.00,27.00,8.00,1.30,7.00,1.00,8.00,1.30,636.00,12.00,8.00,1.30
May-20,7,9,14,1.6,,,14,1.6,208.00,17.00,14.00,1.60,1.00,4.00,14.00,1.60,13.00,68.00,14.00,1.60,30.00,16.00,14.00,1.60,3.00,100.00,14.00,1.60,16.00,4.00,14.00,1.60,887.00,16.00,14.00,1.60
May-20,3,30,11,1.1,1,17,11,1.1,222.00,30.00,11.00,1.10,,,11.00,1.10,25.00,89.00,11.00,1.10,2.00,2.00,11.00,1.10,,,11.00,1.10,3.00,17.00,11.00,1.10,1034.00,14.00,11.00,1.10
May-20,6,7,11,1.1,27,9,11,1.1,84.00,15.00,11.00,1.10,12.00,32.00,11.00,1.10,6.00,100.00,11.00,1.10,1.00,4.00,11.00,1.10,,,11.00,1.10,12.00,6.00,11.00,1.10,969.00,14.00,11.00,1.10
May-20,,,19,1.6,3,4,19,1.6,122.00,15.00,19.00,1.60,,,19.00,1.60,19.00,90.00,19.00,1.60,,,19.00,1.60,1.00,100.00,19.00,1.60,8.00,50.00,19.00,1.60,1162.00,15.00,19.00,1.60
May-20,,,14,1.3,4,5,14,1.3,145.00,22.00,14.00,1.30,1.00,33.00,14.00,1.30,22.00,96.00,14.00,1.30,2.00,3.00,14.00,1.30,,,14.00,1.30,,,14.00,1.30,1041.00,14.00,14.00,1.30
May-20,,,15,1.2,11,11,15,1.2,69.00,15.00,15.00,1.20,1.00,100.00,15.00,1.20,11.00,100.00,15.00,1.20,,,15.00,1.20,54.00,13.00,15.00,1.20,15.00,7.00,15.00,1.20,1202.00,14.00,15.00,1.20
May-20,14,5,16,1.7,35,12,16,1.7,296.00,23.00,16.00,1.70,10.00,26.00,16.00,1.70,32.00,89.00,16.00,1.70,16.00,8.00,16.00,1.70,11.00,4.00,16.00,1.70,27.00,5.00,16.00,1.70,930.00,14.00,16.00,1.70
May-20,15,5,14,1.1,58,11,14,1.1,163.00,14.00,14.00,1.10,6.00,8.00,14.00,1.10,86.00,16.00,14.00,1.10,6.00,3.00,14.00,1.10,5.00,5.00,14.00,1.10,16.00,9.00,14.00,1.10,1273.00,16.00,14.00,1.10
May-20,10,13,21,1.3,70,16,21,1.3,277.00,27.00,21.00,1.30,4.00,6.00,21.00,1.30,26.00,4.00,21.00,1.30,19.00,6.00,21.00,1.30,9.00,9.00,21.00,1.30,10.00,11.00,21.00,1.30,1602.00,16.00,21.00,1.30
May-20,30,17,21,1.7,69,19,21,1.7,382.00,16.00,21.00,1.70,,,21.00,1.70,31.00,10.00,21.00,1.70,10.00,5.00,21.00,1.70,9.00,8.00,21.00,1.70,25.00,8.00,21.00,1.70,1251.00,15.00,21.00,1.70
May-20,3,2,16,1,97,20,16,1,263.00,27.00,16.00,1.00,7.00,4.00,16.00,1.00,65.00,18.00,16.00,1.00,45.00,9.00,16.00,1.00,21.00,9.00,16.00,1.00,32.00,9.00,16.00,1.00,1617.00,16.00,16.00,1.00
May-20,24,10,22,1.2,78,16,22,1.2,483.00,29.00,22.00,1.20,9.00,6.00,22.00,1.20,37.00,10.00,22.00,1.20,1.00,20.00,22.00,1.20,1.00,17.00,22.00,1.20,13.00,6.00,22.00,1.20,1773.00,17.00,22.00,1.20
May-20,14,12,24,1.4,80,15,24,1.4,264.00,24.00,24.00,1.40,11.00,6.00,24.00,1.40,32.00,94.00,24.00,1.40,42.00,11.00,24.00,1.40,,,24.00,1.40,41.00,20.00,24.00,1.40,1694.00,17.00,24.00,1.40
May-20,10,3,20,1.1,113,18,20,1.1,368.00,23.00,20.00,1.10,13.00,4.00,20.00,1.10,23.00,7.00,20.00,1.10,34.00,18.00,20.00,1.10,17.00,9.00,20.00,1.10,17.00,8.00,20.00,1.10,1873.00,17.00,20.00,1.10
May-20,34,17,28,1.8,108,30,28,1.8,604.00,24.00,28.00,1.80,7.00,4.00,28.00,1.80,34.00,11.00,28.00,1.80,12.00,8.00,28.00,1.80,26.00,15.00,28.00,1.80,35.00,8.00,28.00,1.80,1532.00,17.00,28.00,1.80
May-20,21,22,21,1.1,53,20,21,1.1,239.00,20.00,21.00,1.10,1.00,100.00,21.00,1.10,3.00,1.00,21.00,1.10,9.00,9.00,21.00,1.10,16.00,10.00,21.00,1.10,21.00,10.00,21.00,1.10,1975.00,21.00,21.00,1.10
May-20,17,9,21,1.8,104,10,21,1.8,287.00,25.00,21.00,1.80,9.00,3.00,21.00,1.80,17.00,6.00,21.00,1.80,18.00,10.00,21.00,1.80,33.00,10.00,21.00,1.80,18.00,10.00,21.00,1.80,1166.00,22.00,21.00,1.80
May-20,20,6,22,1.4,159,19,22,1.4,329.00,25.00,22.00,1.40,16.00,8.00,22.00,1.40,17.00,5.00,22.00,1.40,49.00,27.00,22.00,1.40,40.00,15.00,22.00,1.40,45.00,25.00,22.00,1.40,1541.00,19.00,22.00,1.40
May-20,11,10,15,0.7,127,28,15,0.7,666.00,32.00,15.00,0.70,29.00,9.00,15.00,0.70,41.00,98.00,15.00,0.70,37.00,20.00,15.00,0.70,27.00,15.00,15.00,0.70,48.00,28.00,15.00,0.70,2029.00,22.00,15.00,0.70
May-20,54,14,23,0.9,194,17,23,0.9,500.00,23.00,23.00,0.90,24.00,9.00,23.00,0.90,26.00,96.00,23.00,0.90,45.00,16.00,23.00,0.90,52.00,17.00,23.00,0.90,26.00,15.00,23.00,0.90,2523.00,22.00,23.00,0.90
May-20,54,19,28,1.6,74,17,28,1.6,510.00,16.00,28.00,1.60,21.00,9.00,28.00,1.60,50.00,17.00,28.00,1.60,67.00,12.00,28.00,1.60,79.00,10.00,28.00,1.60,100.00,18.00,28.00,1.60,1764.00,18.00,28.00,1.60
May-20,68,21,40,1.6,100,19,40,1.6,528.00,22.00,40.00,1.60,36.00,9.00,40.00,1.60,51.00,13.00,40.00,1.60,30.00,20.00,40.00,1.60,29.00,8.00,40.00,1.60,20.00,10.00,40.00,1.60,2545.00,21.00,40.00,1.60
Jun-20,63,14,22,0.9,180,24,22,0.9,457.00,22.00,22.00,0.90,21.00,7.00,22.00,0.90,93.00,25.00,22.00,0.90,38.00,19.00,22.00,0.90,48.00,14.00,22.00,0.90,48.00,27.00,22.00,0.90,2381.00,21.00,22.00,0.90
Jun-20,57,16,37,1.3,383,24,37,1.3,690.00,23.00,37.00,1.30,42.00,10.00,37.00,1.30,43.00,14.00,37.00,1.30,89.00,14.00,37.00,1.30,41.00,12.00,37.00,1.30,40.00,9.00,37.00,1.30,2911.00,23.00,37.00,1.30
Jun-20,66,11,37,1.4,227,22,37,1.4,576.00,19.00,37.00,1.40,39.00,10.00,37.00,1.40,,,37.00,1.40,35.00,11.00,37.00,1.40,42.00,11.00,37.00,1.40,69.00,27.00,37.00,1.40,2695.00,22.00,37.00,1.40
Jun-20,94,14,35,1.4,336,24,35,1.4,718.00,22.00,35.00,1.40,41.00,11.00,35.00,1.40,48.00,9.00,35.00,1.40,58.00,23.00,35.00,1.40,29.00,8.00,35.00,1.40,79.00,21.00,35.00,1.40,2423.00,19.00,35.00,1.40
Jun-20,59,13,30,1.1,366,23,30,1.1,675.00,22.00,30.00,1.10,32.00,9.00,30.00,1.10,71.00,13.00,30.00,1.10,86.00,16.00,30.00,1.10,28.00,8.00,30.00,1.10,51.00,26.00,30.00,1.10,2828.00,20.00,30.00,1.10
Jun-20,82,16,35,1.3,311,24,35,1.3,516.00,22.00,35.00,1.30,48.00,14.00,35.00,1.30,71.00,10.00,35.00,1.30,95.00,24.00,35.00,1.30,47.00,13.00,35.00,1.30,68.00,37.00,35.00,1.30,2635.00,21.00,35.00,1.30
Jun-20,1,9,42,1.5,187,20,42,1.5,595.00,24.00,42.00,1.50,74.00,14.00,42.00,1.50,66.00,9.00,42.00,1.50,68.00,22.00,42.00,1.50,36.00,10.00,42.00,1.50,38.00,19.00,42.00,1.50,2743.00,21.00,42.00,1.50
Jun-20,96,42,42,1.5,422,22,42,1.5,652.00,24.00,42.00,1.50,98.00,18.00,42.00,1.50,28.00,5.00,42.00,1.50,100.00,26.00,42.00,1.50,49.00,13.00,42.00,1.50,61.00,32.00,42.00,1.50,2735.00,21.00,42.00,1.50
Jun-20,47,25,45,1.4,385,22,45,1.4,480.00,20.00,45.00,1.40,60.00,8.00,45.00,1.40,99.00,14.00,45.00,1.40,57.00,22.00,45.00,1.40,94.00,23.00,45.00,1.40,51.00,43.00,45.00,1.40,3171.00,22.00,45.00,1.40
Jun-20,82,38,37,1.2,359,26,37,1.2,754.00,20.00,37.00,1.20,108.00,13.00,37.00,1.20,45.00,6.00,37.00,1.20,148.00,21.00,37.00,1.20,49.00,13.00,37.00,1.20,63.00,52.00,37.00,1.20,3190.00,20.00,37.00,1.20
Jun-20,74,36,37,1.2,419,25,37,1.2,748.00,21.00,37.00,1.20,91.00,14.00,37.00,1.20,60.00,8.00,37.00,1.20,112.00,40.00,37.00,1.20,67.00,18.00,37.00,1.20,93.00,16.00,37.00,1.20,3187.00,20.00,37.00,1.20
Jun-20,123,22,46,1.3,256,28,46,1.3,1001.00,23.00,46.00,1.30,114.00,14.00,46.00,1.30,86.00,12.00,46.00,1.30,77.00,25.00,46.00,1.30,58.00,12.00,46.00,1.30,129.00,26.00,46.00,1.30,3471.00,22.00,46.00,1.30
Jun-20,91,16,44,1.5,419,26,44,1.5,937.00,25.00,44.00,1.50,127.00,21.00,44.00,1.50,34.00,10.00,44.00,1.50,165.00,26.00,44.00,1.50,64.00,16.00,44.00,1.50,3.00,13.00,44.00,1.50,2856.00,17.00,44.00,1.50
Jun-20,93,32,32,1,364,26,32,1,694.00,24.00,32.00,1.00,74.00,12.00,32.00,1.00,54.00,9.00,32.00,1.00,240.00,51.00,32.00,1.00,53.00,14.00,32.00,1.00,8.00,53.00,32.00,1.00,3141.00,22.00,32.00,1.00
Jun-20,142,19,38,1.2,428,29,38,1.2,777.00,23.00,38.00,1.20,137.00,19.00,38.00,1.20,21.00,18.00,38.00,1.20,133.00,33.00,38.00,1.20,61.00,16.00,38.00,1.20,70.00,23.00,38.00,1.20,3099.00,21.00,38.00,1.20
Jun-20,92,22,53,1.4,553,31,53,1.4,1243.00,28.00,53.00,1.40,117.00,18.00,53.00,1.40,14.00,2.00,53.00,1.40,107.00,38.00,53.00,1.40,48.00,13.00,53.00,1.40,45.00,23.00,53.00,1.40,3862.00,22.00,53.00,1.40
Jun-20,98,42,43,1.1,640,24,43,1.1,1095.00,24.00,43.00,1.10,190.00,26.00,43.00,1.10,4.00,29.00,43.00,1.10,191.00,34.00,43.00,1.10,62.00,16.00,43.00,1.10,84.00,31.00,43.00,1.10,4008.00,23.00,43.00,1.10
Jun-20,81,33,38,1,363,24,38,1,1112.00,29.00,38.00,1.00,159.00,24.00,38.00,1.00,7.00,24.00,38.00,1.00,157.00,30.00,38.00,1.00,52.00,14.00,38.00,1.00,57.00,20.00,38.00,1.00,3803.00,23.00,38.00,1.00
Jun-20,72,35,45,1.4,485,29,45,1.4,1094.00,29.00,45.00,1.40,178.00,30.00,45.00,1.40,3.00,2.00,45.00,1.40,96.00,21.00,45.00,1.40,58.00,15.00,45.00,1.40,119.00,47.00,45.00,1.40,3243.00,22.00,45.00,1.40
Jun-20,93,54,37,1.1,491,37,37,1.1,1269.00,32.00,37.00,1.10,255.00,29.00,37.00,1.10,147.00,24.00,37.00,1.10,222.00,35.00,37.00,1.10,45.00,11.00,37.00,1.10,37.00,18.00,37.00,1.10,3240.00,23.00,37.00,1.10
Jun-20,85,37,39,1.1,564,29,39,1.1,1091.00,29.00,39.00,1.10,230.00,38.00,39.00,1.10,113.00,25.00,39.00,1.10,167.00,18.00,39.00,1.10,60.00,15.00,39.00,1.10,158.00,35.00,39.00,1.10,3531.00,23.00,39.00,1.10
Jun-20,102,34,38,1.1,707,26,38,1.1,1342.00,30.00,38.00,1.10,180.00,40.00,38.00,1.10,159.00,19.00,38.00,1.10,240.00,23.00,38.00,1.10,35.00,15.00,38.00,1.10,94.00,21.00,38.00,1.10,3480.00,22.00,38.00,1.10
Jun-20,64,27,43,1.3,675,28,43,1.3,1293.00,26.00,43.00,1.30,235.00,29.00,43.00,1.30,120.00,19.00,43.00,1.30,197.00,22.00,43.00,1.30,23.00,33.00,43.00,1.30,63.00,24.00,43.00,1.30,3412.00,21.00,43.00,1.30
Jun-20,99,29,37,1.1,633,25,37,1.1,1160.00,28.00,37.00,1.10,295.00,32.00,37.00,1.10,145.00,16.00,37.00,1.10,177.00,47.00,37.00,1.10,49.00,54.00,37.00,1.10,107.00,45.00,37.00,1.10,3462.00,21.00,37.00,1.10
Jun-20,78,30,39,1,680,25,39,1,1456.00,27.00,39.00,1.00,202.00,31.00,39.00,1.00,40.00,7.00,39.00,1.00,335.00,20.00,39.00,1.00,73.00,42.00,39.00,1.00,133.00,24.00,39.00,1.00,3946.00,22.00,39.00,1.00
Jun-20,127,19,40,1,555,26,40,1,1013.00,27.00,40.00,1.00,248.00,29.00,40.00,1.00,39.00,12.00,40.00,1.00,217.00,20.00,40.00,1.00,50.00,22.00,40.00,1.00,157.00,27.00,40.00,1.00,3868.00,21.00,40.00,1.00
Jun-20,108,24,34,1,359,23,34,1,1641.00,32.00,34.00,1.00,263.00,33.00,34.00,1.00,73.00,6.00,34.00,1.00,238.00,28.00,34.00,1.00,62.00,29.00,34.00,1.00,194.00,32.00,34.00,1.00,3504.00,23.00,34.00,1.00
Jun-20,119,23,43,1.1,515,26,43,1.1,1523.00,28.00,43.00,1.10,168.00,36.00,43.00,1.10,209.00,22.00,43.00,1.10,257.00,26.00,43.00,1.10,80.00,31.00,43.00,1.10,97.00,18.00,43.00,1.10,3809.00,21.00,43.00,1.10
Jun-20,126,26,45,1.1,471,22,45,1.1,1640.00,28.00,45.00,1.10,199.00,33.00,45.00,1.10,89.00,9.00,45.00,1.10,213.00,22.00,45.00,1.10,70.00,26.00,45.00,1.10,210.00,27.00,45.00,1.10,4014.00,23.00,45.00,1.10
Jun-20,103,21,64,1.7,493,28,64,1.7,1345.00,25.00,64.00,1.70,291.00,36.00,64.00,1.70,47.00,7.00,64.00,1.70,427.00,19.00,64.00,1.70,64.00,14.00,64.00,1.70,266.00,19.00,64.00,1.70,3682.00,20.00,64.00,1.70
Jul-20,72,26,41,1.1,611,31,41,1.1,1365.00,23.00,41.00,1.10,272.00,38.00,41.00,1.10,119.00,18.00,41.00,1.10,324.00,20.00,41.00,1.10,293.00,18.00,41.00,1.10,179.00,26.00,41.00,1.10,3775.00,21.00,41.00,1.10
Jul-20,88,18,38,0.9,496,23,38,0.9,1071.00,25.00,38.00,0.90,532.00,65.00,38.00,0.90,48.00,9.00,38.00,0.90,247.00,24.00,38.00,0.90,136.00,17.00,38.00,0.90,114.00,26.00,38.00,0.90,4019.00,22.00,38.00,0.90
Jul-20,114,20,42,1.3,386,21,42,1.3,1110.00,27.00,42.00,1.30,325.00,31.00,42.00,1.30,115.00,21.00,42.00,1.30,180.00,23.00,42.00,1.30,144.00,20.00,42.00,1.30,200.00,33.00,42.00,1.30,3114.00,21.00,42.00,1.30
Jul-20,119,31,29,0.9,362,22,29,0.9,903.00,23.00,29.00,0.90,180.00,28.00,29.00,0.90,48.00,13.00,29.00,0.90,217.00,12.00,29.00,0.90,85.00,21.00,29.00,0.90,28.00,17.00,29.00,0.90,3288.00,22.00,29.00,0.90
Jul-20,115,25,55,2,490,24,55,2,1089.00,24.00,55.00,2.00,175.00,27.00,55.00,2.00,45.00,16.00,55.00,2.00,242.00,21.00,55.00,2.00,103.00,23.00,55.00,2.00,99.00,20.00,55.00,2.00,2738.00,20.00,55.00,2.00
Jul-20,131,34,44,1.4,481,22,44,1.4,993.00,22.00,44.00,1.40,230.00,37.00,44.00,1.40,62.00,11.00,44.00,1.40,177.00,23.00,44.00,1.40,78.00,19.00,44.00,1.40,73.00,21.00,44.00,1.40,3201.00,22.00,44.00,1.40
Jul-20,88,30,55,1.8,467,21,55,1.8,1179.00,23.00,55.00,1.80,392.00,25.00,55.00,1.80,58.00,14.00,55.00,1.80,144.00,24.00,55.00,1.80,82.00,23.00,55.00,1.80,162.00,23.00,55.00,1.80,3027.00,23.00,55.00,1.80
Jul-20,116,27,46,1.3,394,21,46,1.3,1288.00,24.00,46.00,1.30,349.00,26.00,46.00,1.30,42.00,8.00,46.00,1.30,182.00,23.00,46.00,1.30,135.00,17.00,46.00,1.30,76.00,27.00,46.00,1.30,3489.00,22.00,46.00,1.30
Jul-20,97,29,41,1.2,459,24,41,1.2,1051.00,25.00,41.00,1.20,288.00,33.00,41.00,1.20,69.00,12.00,41.00,1.20,271.00,18.00,41.00,1.20,117.00,30.00,41.00,1.20,148.00,23.00,41.00,1.20,3360.00,21.00,41.00,1.20
Jul-20,101,30,37,1.3,311,19,37,1.3,946.00,25.00,37.00,1.30,227.00,34.00,37.00,1.30,57.00,14.00,37.00,1.30,165.00,28.00,37.00,1.30,90.00,24.00,37.00,1.30,44.00,25.00,37.00,1.30,2949.00,22.00,37.00,1.30
Jul-20,116,31,30,1.1,297,29,30,1.1,986.00,26.00,30.00,1.10,229.00,36.00,30.00,1.10,39.00,14.00,30.00,1.10,218.00,28.00,30.00,1.10,113.00,29.00,30.00,1.10,78.00,20.00,30.00,1.10,2686.00,24.00,30.00,1.10
Jul-20,85,25,47,1.8,426,22,47,1.8,1385.00,26.00,47.00,1.80,270.00,26.00,47.00,1.80,38.00,14.00,47.00,1.80,236.00,32.00,47.00,1.80,95.00,31.00,47.00,1.80,68.00,26.00,47.00,1.80,2666.00,24.00,47.00,1.80
Jul-20,73,23,39,1.3,409,23,39,1.3,1344.00,24.00,39.00,1.30,329.00,39.00,39.00,1.30,70.00,15.00,39.00,1.30,304.00,26.00,39.00,1.30,87.00,22.00,39.00,1.30,67.00,17.00,39.00,1.30,3099.00,25.00,39.00,1.30
Jul-20,125,27,33,1,581,26,33,1,1394.00,25.00,33.00,1.00,326.00,40.00,33.00,1.00,69.00,15.00,33.00,1.00,269.00,24.00,33.00,1.00,134.00,23.00,33.00,1.00,115.00,34.00,33.00,1.00,3163.00,24.00,33.00,1.00
Jul-20,83,27,33,0.9,367,21,33,0.9,1230.00,23.00,33.00,0.90,241.00,30.00,33.00,0.90,56.00,13.00,33.00,0.90,198.00,21.00,33.00,0.90,128.00,32.00,33.00,0.90,182.00,39.00,33.00,0.90,3533.00,25.00,33.00,0.90
Jul-20,139,31,39,1.4,459,23,39,1.4,1098.00,23.00,39.00,1.40,297.00,33.00,39.00,1.40,59.00,13.00,39.00,1.40,367.00,23.00,39.00,1.40,142.00,30.00,39.00,1.40,206.00,54.00,39.00,1.40,2733.00,21.00,39.00,1.40
Jul-20,97,33,51,1.7,336,23,51,1.7,742.00,25.00,51.00,1.70,249.00,40.00,51.00,1.70,81.00,21.00,51.00,1.70,219.00,30.00,51.00,1.70,110.00,29.00,51.00,1.70,39.00,19.00,51.00,1.70,3034.00,23.00,51.00,1.70
Jul-20,148,33,34,1.3,316,25,34,1.3,1157.00,26.00,34.00,1.30,235.00,38.00,34.00,1.30,29.00,11.00,34.00,1.30,204.00,19.00,34.00,1.30,130.00,34.00,34.00,1.30,9.00,3.00,34.00,1.30,2709.00,25.00,34.00,1.30
Jul-20,91,30,37,1.5,378,21,37,1.5,1326.00,26.00,37.00,1.50,230.00,26.00,37.00,1.50,73.00,19.00,37.00,1.50,334.00,27.00,37.00,1.50,117.00,30.00,37.00,1.50,76.00,21.00,37.00,1.50,2459.00,23.00,37.00,1.50
Jul-20,108,35,50,1.7,416,18,50,1.7,1388.00,25.00,50.00,1.70,286.00,38.00,50.00,1.70,67.00,16.00,50.00,1.70,310.00,26.00,50.00,1.70,89.00,21.00,50.00,1.70,93.00,14.00,50.00,1.70,2928.00,22.00,50.00,1.70
Jul-20,91,25,41,1.3,310,19,41,1.3,1192.00,23.00,41.00,1.30,261.00,43.00,41.00,1.30,63.00,12.00,41.00,1.30,273.00,27.00,41.00,1.30,123.00,31.00,41.00,1.30,72.00,23.00,41.00,1.30,3057.00,24.00,41.00,1.30
Jul-20,129,32,42,1.5,373,19,42,1.5,1377.00,25.00,42.00,1.50,280.00,29.00,42.00,1.50,28.00,8.00,42.00,1.50,272.00,27.00,42.00,1.50,126.00,33.00,42.00,1.50,63.00,28.00,42.00,1.50,2744.00,23.00,42.00,1.50
Jul-20,84,20,50,1.8,382,20,50,1.8,929.00,20.00,50.00,1.80,192.00,31.00,50.00,1.80,59.00,15.00,50.00,1.80,366.00,27.00,50.00,1.80,121.00,29.00,50.00,1.80,112.00,21.00,50.00,1.80,2856.00,23.00,50.00,1.80
Jul-20,92,28,35,1.4,391,24,35,1.4,994.00,25.00,35.00,1.40,264.00,28.00,35.00,1.40,47.00,13.00,35.00,1.40,287.00,26.00,35.00,1.40,112.00,27.00,35.00,1.40,97.00,20.00,35.00,1.40,2548.00,21.00,35.00,1.40
Jul-20,51,14,38,1.5,422,23,38,1.5,1326.00,23.00,38.00,1.50,280.00,36.00,38.00,1.50,32.00,8.00,38.00,1.50,236.00,22.00,38.00,1.50,118.00,29.00,38.00,1.50,77.00,19.00,38.00,1.50,2520.00,24.00,38.00,1.50
Jul-20,78,58,54,2.4,254,16,54,2.4,1126.00,24.00,54.00,2.40,224.00,41.00,54.00,2.40,25.00,32.00,54.00,2.40,258.00,24.00,54.00,2.40,158.00,24.00,54.00,2.40,152.00,20.00,54.00,2.40,2275.00,23.00,54.00,2.40
Jul-20,112,33,37,1.3,326,19,37,1.3,1074.00,23.00,37.00,1.30,172.00,25.00,37.00,1.30,37.00,11.00,37.00,1.30,323.00,25.00,37.00,1.30,127.00,31.00,37.00,1.30,45.00,16.00,37.00,1.30,2772.00,22.00,37.00,1.30
Jul-20,80,20,35,1.2,415,19,35,1.2,1345.00,24.00,35.00,1.20,287.00,34.00,35.00,1.20,47.00,12.00,35.00,1.20,348.00,22.00,35.00,1.20,134.00,32.00,35.00,1.20,77.00,18.00,35.00,1.20,2960.00,23.00,35.00,1.20
Jul-20,110,31,35,1.2,381,20,35,1.2,1365.00,23.00,35.00,1.20,274.00,33.00,35.00,1.20,23.00,6.00,35.00,1.20,181.00,21.00,35.00,1.20,96.00,27.00,35.00,1.20,67.00,15.00,35.00,1.20,3009.00,21.00,35.00,1.20
Jul-20,81,24,48,1.8,305,18,48,1.8,1304.00,26.00,48.00,1.80,215.00,36.00,48.00,1.80,65.00,16.00,48.00,1.80,270.00,23.00,48.00,1.80,104.00,28.00,48.00,1.80,82.00,15.00,48.00,1.80,2695.00,21.00,48.00,1.80
Jul-20,81,25,28,1,279,18,28,1,835.00,26.00,28.00,1.00,244.00,32.00,28.00,1.00,33.00,16.00,28.00,1.00,270.00,26.00,28.00,1.00,92.00,31.00,28.00,1.00,90.00,20.00,28.00,1.00,2772.00,22.00,28.00,1.00
Aug-20,23,15,21,1,66,17,21,1,251.00,22.00,21.00,1.00,230.00,56.00,21.00,1.00,26.00,17.00,21.00,1.00,112.00,27.00,21.00,1.00,51.00,24.00,21.00,1.00,76.00,23.00,21.00,1.00,2199.00,25.00,21.00,1.00
Aug-20,11,24,22,2.5,89,20,22,2.5,719.00,33.00,22.00,2.50,149.00,39.00,22.00,2.50,21.00,21.00,22.00,2.50,156.00,39.00,22.00,2.50,105.00,36.00,22.00,2.50,70.00,24.00,22.00,2.50,886.00,24.00,22.00,2.50
Aug-20,52,31,30,2.2,229,25,30,2.2,878.00,26.00,30.00,2.20,82.00,31.00,30.00,2.20,26.00,21.00,30.00,2.20,111.00,33.00,30.00,2.20,84.00,27.00,30.00,2.20,59.00,20.00,30.00,2.20,1356.00,32.00,30.00,2.20
Aug-20,85,25,50,2.6,349,21,50,2.6,1173.00,24.00,50.00,2.60,179.00,34.00,50.00,2.60,61.00,15.00,50.00,2.60,160.00,30.00,50.00,2.60,149.00,38.00,50.00,2.60,77.00,21.00,50.00,2.60,1918.00,25.00,50.00,2.60
Aug-20,45,16,33,1.2,463,18,33,1.2,1308.00,22.00,33.00,1.20,328.00,36.00,33.00,1.20,40.00,14.00,33.00,1.20,188.00,32.00,33.00,1.20,137.00,44.00,33.00,1.20,79.00,17.00,33.00,1.20,2654.00,24.00,33.00,1.20
Aug-20,90,26,39,1.3,342,17,39,1.3,1266.00,21.00,39.00,1.30,324.00,37.00,39.00,1.30,81.00,17.00,39.00,1.30,340.00,28.00,39.00,1.30,116.00,40.00,39.00,1.30,113.00,21.00,39.00,1.30,2977.00,23.00,39.00,1.30
Aug-20,79,22,27,0.9,321,17,27,0.9,993.00,24.00,27.00,0.90,325.00,42.00,27.00,0.90,73.00,19.00,27.00,0.90,219.00,23.00,27.00,0.90,158.00,34.00,27.00,0.90,94.00,19.00,27.00,0.90,2851.00,22.00,27.00,0.90
Aug-20,43,18,32,1.2,341,25,32,1.2,1213.00,23.00,32.00,1.20,257.00,33.00,32.00,1.20,40.00,15.00,32.00,1.20,163.00,25.00,32.00,1.20,158.00,33.00,32.00,1.20,86.00,22.00,32.00,1.20,2611.00,22.00,32.00,1.20
Aug-20,100,30,34,1.4,554,23,34,1.4,1457.00,22.00,34.00,1.40,327.00,41.00,34.00,1.40,71.00,18.00,34.00,1.40,193.00,25.00,34.00,1.40,146.00,29.00,34.00,1.40,26.00,11.00,34.00,1.40,2487.00,23.00,34.00,1.40
Aug-20,92,25,39,1.3,381,18,39,1.3,1452.00,21.00,39.00,1.30,262.00,32.00,39.00,1.30,104.00,20.00,39.00,1.30,243.00,23.00,39.00,1.30,143.00,29.00,39.00,1.30,171.00,22.00,39.00,1.30,2907.00,23.00,39.00,1.30
Aug-20,76,22,33,1.1,416,20,33,1.1,1317.00,22.00,33.00,1.10,305.00,36.00,33.00,1.10,71.00,15.00,33.00,1.10,284.00,15.00,33.00,1.10,98.00,26.00,33.00,1.10,149.00,24.00,33.00,1.10,2996.00,20.00,33.00,1.10
Aug-20,78,23,42,1.4,300,15,42,1.4,1201.00,20.00,42.00,1.40,276.00,35.00,42.00,1.40,70.00,19.00,42.00,1.40,193.00,19.00,42.00,1.40,154.00,16.00,42.00,1.40,140.00,26.00,42.00,1.40,2995.00,20.00,42.00,1.40
Aug-20,74,20,44,1.7,412,18,44,1.7,1286.00,19.00,44.00,1.70,186.00,31.00,44.00,1.70,81.00,20.00,44.00,1.70,244.00,22.00,44.00,1.70,154.00,34.00,44.00,1.70,120.00,21.00,44.00,1.70,2617.00,20.00,44.00,1.70
Aug-20,85,25,34,1.2,281,13,34,1.2,995.00,26.00,34.00,1.20,251.00,30.00,34.00,1.20,68.00,19.00,34.00,1.20,247.00,23.00,34.00,1.20,152.00,33.00,34.00,1.20,56.00,12.00,34.00,1.20,2766.00,22.00,34.00,1.20
Aug-20,45,21,34,1.3,237,18,34,1.3,923.00,22.00,34.00,1.30,193.00,31.00,34.00,1.30,22.00,11.00,34.00,1.30,205.00,19.00,34.00,1.30,316.00,19.00,34.00,1.30,73.00,16.00,34.00,1.30,2644.00,21.00,34.00,1.30
Aug-20,51,19,32,1.6,298,17,32,1.6,1119.00,21.00,32.00,1.60,204.00,31.00,32.00,1.60,62.00,18.00,32.00,1.60,311.00,22.00,32.00,1.60,111.00,29.00,32.00,1.60,75.00,21.00,32.00,1.60,2024.00,20.00,32.00,1.60
Aug-20,74,20,37,1.4,390,16,37,1.4,1316.00,20.00,37.00,1.40,256.00,33.00,37.00,1.40,57.00,16.00,37.00,1.40,219.00,22.00,37.00,1.40,152.00,30.00,37.00,1.40,91.00,18.00,37.00,1.40,2595.00,21.00,37.00,1.40
Aug-20,68,20,46,1.4,330,14,46,1.4,1374.00,23.00,46.00,1.40,180.00,24.00,46.00,1.40,38.00,10.00,46.00,1.40,210.00,13.00,46.00,1.40,142.00,29.00,46.00,1.40,161.00,23.00,46.00,1.40,3200.00,22.00,46.00,1.40
Aug-20,89,23,41,1.5,321,13,41,1.5,1353.00,21.00,41.00,1.50,274.00,28.00,41.00,1.50,56.00,14.00,41.00,1.50,221.00,20.00,41.00,1.50,150.00,22.00,41.00,1.50,101.00,18.00,41.00,1.50,2747.00,19.00,41.00,1.50
Aug-20,58,19,41,1.4,299,13,41,1.4,1202.00,21.00,41.00,1.40,164.00,30.00,41.00,1.40,58.00,12.00,41.00,1.40,213.00,12.00,41.00,1.40,128.00,23.00,41.00,1.40,133.00,23.00,41.00,1.40,2868.00,20.00,41.00,1.40
Aug-20,73,25,39,1.6,240,14,39,1.6,869.00,23.00,39.00,1.60,360.00,20.00,39.00,1.60,54.00,15.00,39.00,1.60,187.00,10.00,39.00,1.60,127.00,38.00,39.00,1.60,123.00,21.00,39.00,1.60,2401.00,19.00,39.00,1.60
Aug-20,33,22,46,2,228,19,46,2,1080.00,21.00,46.00,2.00,218.00,26.00,46.00,2.00,47.00,16.00,46.00,2.00,173.00,12.00,46.00,2.00,144.00,29.00,46.00,2.00,57.00,21.00,46.00,2.00,2265.00,20.00,46.00,2.00
Aug-20,39,13,34,1.7,344,16,34,1.7,1179.00,21.00,34.00,1.70,307.00,27.00,34.00,1.70,35.00,13.00,34.00,1.70,195.00,19.00,34.00,1.70,119.00,23.00,34.00,1.70,113.00,24.00,34.00,1.70,1973.00,18.00,34.00,1.70
Aug-20,93,24,42,1.7,291,14,42,1.7,1219.00,20.00,42.00,1.70,174.00,27.00,42.00,1.70,45.00,11.00,42.00,1.70,184.00,14.00,42.00,1.70,126.00,24.00,42.00,1.70,96.00,14.00,42.00,1.70,2485.00,19.00,42.00,1.70
Aug-20,59,17,45,1.8,234,12,45,1.8,1166.00,20.00,45.00,1.80,212.00,29.00,45.00,1.80,30.00,8.00,45.00,1.80,225.00,14.00,45.00,1.80,140.00,29.00,45.00,1.80,138.00,21.00,45.00,1.80,2545.00,18.00,45.00,1.80
Aug-20,84,22,54,2.1,248,10,54,2.1,1173.00,19.00,54.00,2.10,226.00,27.00,54.00,2.10,24.00,8.00,54.00,2.10,163.00,12.00,54.00,2.10,139.00,28.00,54.00,2.10,85.00,18.00,54.00,2.10,2519.00,17.00,54.00,2.10
Aug-20,62,18,45,1.8,287,13,45,1.8,1122.00,18.00,45.00,1.80,204.00,26.00,45.00,1.80,41.00,10.00,45.00,1.80,182.00,21.00,45.00,1.80,102.00,20.00,45.00,1.80,125.00,24.00,45.00,1.80,2436.00,16.00,45.00,1.80
Aug-20,71,21,47,2.1,194,10,47,2.1,751.00,23.00,47.00,2.10,252.00,31.00,47.00,2.10,57.00,19.00,47.00,2.10,183.00,11.00,47.00,2.10,131.00,28.00,47.00,2.10,97.00,20.00,47.00,2.10,2211.00,16.00,47.00,2.10
Aug-20,17,10,32,1.5,203,13,32,1.5,1195.00,19.00,32.00,1.50,163.00,24.00,32.00,1.50,46.00,13.00,32.00,1.50,123.00,15.00,32.00,1.50,98.00,19.00,32.00,1.50,54.00,17.00,32.00,1.50,2131.00,18.00,32.00,1.50
Aug-20,74,23,42,2.2,189,11,42,2.2,1008.00,20.00,42.00,2.20,156.00,22.00,42.00,2.20,41.00,19.00,42.00,2.20,124.00,16.00,42.00,2.20,189.00,26.00,42.00,2.20,119.00,24.00,42.00,2.20,1897.00,16.00,42.00,2.20
Aug-20,43,17,33,1.5,230,13,33,1.5,941.00,16.00,33.00,1.50,186.00,31.00,33.00,1.50,49.00,15.00,33.00,1.50,140.00,19.00,33.00,1.50,217.00,21.00,33.00,1.50,84.00,17.00,33.00,1.50,2174.00,17.00,33.00,1.50
Sep-20,65,17,35,1.8,281,11,35,1.8,1244.00,18.00,35.00,1.80,191.00,24.00,35.00,1.80,42.00,14.00,35.00,1.80,135.00,15.00,35.00,1.80,102.00,21.00,35.00,1.80,74.00,15.00,35.00,1.80,1950.00,16.00,35.00,1.80
Sep-20,45,12,35,1.4,301,12,35,1.4,1146.00,17.00,35.00,1.40,170.00,21.00,35.00,1.40,27.00,8.00,35.00,1.40,101.00,13.00,35.00,1.40,143.00,25.00,35.00,1.40,100.00,20.00,35.00,1.40,2582.00,17.00,35.00,1.40
Sep-20,52,13,32,1.5,183,9,32,1.5,1181.00,17.00,32.00,1.50,141.00,19.00,32.00,1.50,42.00,13.00,32.00,1.50,198.00,16.00,32.00,1.50,8.00,6.00,32.00,1.50,98.00,14.00,32.00,1.50,2158.00,15.00,32.00,1.50
Sep-20,46,13,29,1.5,171,8,29,1.5,842.00,20.00,29.00,1.50,157.00,23.00,29.00,1.50,35.00,14.00,29.00,1.50,101.00,14.00,29.00,1.50,98.00,27.00,29.00,1.50,94.00,16.00,29.00,1.50,1929.00,15.00,29.00,1.50
Sep-20,31,10,35,1.8,152,9,35,1.8,954.00,16.00,35.00,1.80,134.00,22.00,35.00,1.80,23.00,8.00,35.00,1.80,90.00,9.00,35.00,1.80,52.00,22.00,35.00,1.80,86.00,19.00,35.00,1.80,1950.00,15.00,35.00,1.80
Sep-20,56,14,32,2,203,8,32,2,1122.00,16.00,32.00,2.00,151.00,20.00,32.00,2.00,51.00,15.00,32.00,2.00,101.00,13.00,32.00,2.00,38.00,14.00,32.00,2.00,104.00,17.00,32.00,2.00,1592.00,14.00,32.00,2.00
Sep-20,27,8,37,1.7,215,8,37,1.7,1001.00,15.00,37.00,1.70,143.00,19.00,37.00,1.70,26.00,8.00,37.00,1.70,138.00,15.00,37.00,1.70,88.00,11.00,37.00,1.70,81.00,13.00,37.00,1.70,2202.00,14.00,37.00,1.70
Sep-20,35,7,36,1.9,216,8,36,1.9,925.00,15.00,36.00,1.90,102.00,20.00,36.00,1.90,29.00,7.00,36.00,1.90,95.00,8.00,36.00,1.90,52.00,20.00,36.00,1.90,58.00,12.00,36.00,1.90,1892.00,13.00,36.00,1.90
Sep-20,30,6,41,2.2,189,7,41,2.2,1102.00,16.00,41.00,2.20,129.00,21.00,41.00,2.20,53.00,17.00,41.00,2.20,86.00,9.00,41.00,2.20,71.00,10.00,41.00,2.20,120.00,17.00,41.00,2.20,1827.00,12.00,41.00,2.20
Sep-20,32,8,41,2.2,126,5,41,2.2,1002.00,14.00,41.00,2.20,151.00,23.00,41.00,2.20,43.00,10.00,41.00,2.20,153.00,13.00,41.00,2.20,28.00,13.00,41.00,2.20,94.00,13.00,41.00,2.20,1892.00,12.00,41.00,2.20
Sep-20,37,11,34,1.9,174,7,34,1.9,618.00,15.00,34.00,1.90,86.00,16.00,34.00,1.90,20.00,6.00,34.00,1.90,89.00,13.00,34.00,1.90,36.00,15.00,34.00,1.90,117.00,15.00,34.00,1.90,1792.00,12.00,34.00,1.90
Sep-20,18,10,34,2.7,182,8,34,2.7,821.00,14.00,34.00,2.70,77.00,13.00,34.00,2.70,21.00,7.00,34.00,2.70,127.00,13.00,34.00,2.70,74.00,9.00,34.00,2.70,41.00,11.00,34.00,2.70,1282.00,12.00,34.00,2.70
Sep-20,18,5,31,2.1,206,7,31,2.1,941.00,16.00,31.00,2.10,93.00,14.00,31.00,2.10,26.00,8.00,31.00,2.10,116.00,14.00,31.00,2.10,33.00,14.00,31.00,2.10,95.00,17.00,31.00,2.10,1476.00,11.00,31.00,2.10
Sep-20,42,12,26,1.4,197,7,26,1.4,978.00,16.00,26.00,1.40,108.00,15.00,26.00,1.40,30.00,8.00,26.00,1.40,100.00,11.00,26.00,1.40,39.00,12.00,26.00,1.40,45.00,8.00,26.00,1.40,1812.00,13.00,26.00,1.40
Sep-20,32,9,43,2.5,186,7,43,2.5,975.00,16.00,43.00,2.50,83.00,12.00,43.00,2.50,27.00,7.00,43.00,2.50,113.00,10.00,43.00,2.50,29.00,12.00,43.00,2.50,69.00,10.00,43.00,2.50,1724.00,12.00,43.00,2.50
Sep-20,26,8,21,1.3,134,6,21,1.3,953.00,16.00,21.00,1.30,87.00,11.00,21.00,1.30,33.00,8.00,21.00,1.30,98.00,9.00,21.00,1.30,39.00,12.00,21.00,1.30,88.00,13.00,21.00,1.30,1615.00,12.00,21.00,1.30
Sep-20,31,9,36,2.3,127,6,36,2.3,928.00,15.00,36.00,2.30,86.00,11.00,36.00,2.30,24.00,6.00,36.00,2.30,126.00,10.00,36.00,2.30,101.00,12.00,36.00,2.30,50.00,8.00,36.00,2.30,1593.00,12.00,36.00,2.30
Sep-20,23,7,22,1.4,149,6,22,1.4,677.00,17.00,22.00,1.40,87.00,13.00,22.00,1.40,21.00,6.00,22.00,1.40,102.00,9.00,22.00,1.40,53.00,18.00,22.00,1.40,53.00,8.00,22.00,1.40,1541.00,12.00,22.00,1.40
Sep-20,21,12,32,2,111,6,32,2,1006.00,19.00,32.00,2.00,62.00,10.00,32.00,2.00,19.00,6.00,32.00,2.00,160.00,11.00,32.00,2.00,84.00,16.00,32.00,2.00,23.00,6.00,32.00,2.00,1567.00,12.00,32.00,2.00
Sep-20,29,9,26,1.7,148,6,26,1.7,958.00,17.00,26.00,1.70,62.00,10.00,26.00,1.70,35.00,13.00,26.00,1.70,81.00,8.00,26.00,1.70,87.00,22.00,26.00,1.70,56.00,10.00,26.00,1.70,1544.00,13.00,26.00,1.70
Sep-20,33,11,40,2.3,135,6,40,2.3,790.00,14.00,40.00,2.30,78.00,12.00,40.00,2.30,20.00,5.00,40.00,2.30,98.00,9.00,40.00,2.30,51.00,12.00,40.00,2.30,47.00,7.00,40.00,2.30,1705.00,13.00,40.00,2.30
Sep-20,22,9,28,1.8,190,7,28,1.8,877.00,15.00,28.00,1.80,71.00,12.00,28.00,1.80,38.00,9.00,28.00,1.80,138.00,10.00,28.00,1.80,51.00,12.00,28.00,1.80,46.00,8.00,28.00,1.80,1557.00,11.00,28.00,1.80
Sep-20,32,12,37,2.2,176,6,37,2.2,958.00,17.00,37.00,2.20,60.00,11.00,37.00,2.20,23.00,6.00,37.00,2.20,129.00,9.00,37.00,2.20,39.00,8.00,37.00,2.20,29.00,6.00,37.00,2.20,1666.00,12.00,37.00,2.20
Sep-20,19,9,28,1.8,120,6,28,1.8,989.00,17.00,28.00,1.80,58.00,9.00,28.00,1.80,16.00,5.00,28.00,1.80,57.00,6.00,28.00,1.80,36.00,9.00,28.00,1.80,39.00,8.00,28.00,1.80,1540.00,12.00,28.00,1.80
Sep-20,25,11,21,1.5,98,5,21,1.5,609.00,15.00,21.00,1.50,59.00,12.00,21.00,1.50,19.00,7.00,21.00,1.50,108.00,7.00,21.00,1.50,30.00,10.00,21.00,1.50,21.00,4.00,21.00,1.50,1383.00,11.00,21.00,1.50
Sep-20,7,5,36,3.3,87,5,36,3.3,787.00,15.00,36.00,3.30,40.00,11.00,36.00,3.30,14.00,6.00,36.00,3.30,103.00,9.00,36.00,3.30,57.00,14.00,36.00,3.30,35.00,8.00,36.00,3.30,1106.00,10.00,36.00,3.30
Sep-20,26,11,32,2.5,143,5,32,2.5,901.00,17.00,32.00,2.50,56.00,12.00,32.00,2.50,26.00,8.00,32.00,2.50,62.00,10.00,32.00,2.50,38.00,10.00,32.00,2.50,33.00,6.00,32.00,2.50,1275.00,12.00,32.00,2.50
Sep-20,34,12,32,2.3,109,5,32,2.3,917.00,17.00,32.00,2.30,75.00,13.00,32.00,2.30,31.00,10.00,32.00,2.30,73.00,8.00,32.00,2.30,42.00,12.00,32.00,2.30,65.00,11.00,32.00,2.30,1407.00,12.00,32.00,2.30
Sep-20,30,11,26,1.7,120,4,26,1.7,812.00,16.00,26.00,1.70,53.00,10.00,26.00,1.70,25.00,9.00,26.00,1.70,80.00,6.00,26.00,1.70,51.00,14.00,26.00,1.70,40.00,8.00,26.00,1.70,1488.00,12.00,26.00,1.70
Sep-20,19,7,32,2.2,153,6,32,2.2,941.00,17.00,32.00,2.20,57.00,11.00,32.00,2.20,47.00,14.00,32.00,2.20,78.00,7.00,32.00,2.20,41.00,11.00,32.00,2.20,29.00,5.00,32.00,2.20,1436.00,11.00,32.00,2.20
Oct-20,24,10,21,1.4,119,5,21,1.4,950.00,16.00,21.00,1.40,42.00,8.00,21.00,1.40,17.00,6.00,21.00,1.40,51.00,7.00,21.00,1.40,37.00,9.00,21.00,1.40,24.00,4.00,21.00,1.40,1508.00,13.00,21.00,1.40
Oct-20,23,11,33,2.4,120,7,33,2.4,579.00,19.00,33.00,2.40,50.00,10.00,33.00,2.40,16.00,6.00,33.00,2.40,55.00,6.00,33.00,2.40,33.00,9.00,33.00,2.40,29.00,6.00,33.00,2.40,1396.00,12.00,33.00,2.40
Oct-20,11,7,20,1.7,91,5,20,1.7,894.00,17.00,20.00,1.70,27.00,11.00,20.00,1.70,19.00,9.00,20.00,1.70,51.00,6.00,20.00,1.70,40.00,10.00,20.00,1.70,21.00,4.00,20.00,1.70,1182.00,12.00,20.00,1.70
Oct-20,34,16,23,2,128,6,23,2,926.00,18.00,23.00,2.00,51.00,11.00,23.00,2.00,13.00,5.00,23.00,2.00,62.00,11.00,23.00,2.00,20.00,9.00,23.00,2.00,42.00,8.00,23.00,2.00,1125.00,11.00,23.00,2.00
Oct-20,29,11,27,1.9,168,7,27,1.9,960.00,16.00,27.00,1.90,58.00,9.00,27.00,1.90,19.00,8.00,27.00,1.90,74.00,11.00,27.00,1.90,58.00,12.00,27.00,1.90,39.00,6.00,27.00,1.90,1442.00,12.00,27.00,1.90
Oct-20,16,8,30,2,131,5,30,2,914.00,17.00,30.00,2.00,72.00,12.00,30.00,2.00,19.00,6.00,30.00,2.00,128.00,11.00,30.00,2.00,32.00,7.00,30.00,2.00,33.00,7.00,30.00,2.00,1499.00,12.00,30.00,2.00
Oct-20,26,11,35,2.3,161,5,35,2.3,873.00,15.00,35.00,2.30,45.00,10.00,35.00,2.30,18.00,5.00,35.00,2.30,48.00,8.00,35.00,2.30,28.00,9.00,35.00,2.30,39.00,5.00,35.00,2.30,1520.00,12.00,35.00,2.30
Oct-20,34,11,20,1.4,148,5,20,1.4,877.00,15.00,20.00,1.40,60.00,12.00,20.00,1.40,7.00,3.00,20.00,1.40,33.00,8.00,20.00,1.40,38.00,11.00,20.00,1.40,51.00,8.00,20.00,1.40,1441.00,11.00,20.00,1.40
Oct-20,23,9,17,1.3,128,5,17,1.3,640.00,16.00,17.00,1.30,46.00,9.00,17.00,1.30,14.00,5.00,17.00,1.30,39.00,5.00,17.00,1.30,13.00,8.00,17.00,1.30,30.00,6.00,17.00,1.30,1278.00,11.00,17.00,1.30
Oct-20,9,5,23,1.9,105,5,23,1.9,804.00,17.00,23.00,1.90,26.00,10.00,23.00,1.90,23.00,9.00,23.00,1.90,50.00,5.00,23.00,1.90,27.00,11.00,23.00,1.90,27.00,5.00,23.00,1.90,1203.00,11.00,23.00,1.90
Oct-20,26,9,24,2,151,6,24,2,850.00,16.00,24.00,2.00,35.00,9.00,24.00,2.00,11.00,5.00,24.00,2.00,32.00,6.00,24.00,2.00,23.00,7.00,24.00,2.00,27.00,5.00,24.00,2.00,1193.00,13.00,24.00,2.00
Oct-20,33,13,31,2.1,129,5,31,2.1,983.00,16.00,31.00,2.10,43.00,7.00,31.00,2.10,18.00,7.00,31.00,2.10,37.00,5.00,31.00,2.10,35.00,9.00,31.00,2.10,26.00,3.00,31.00,2.10,1472.00,11.00,31.00,2.10
Oct-20,23,9,22,1.4,169,5,22,1.4,971.00,16.00,22.00,1.40,54.00,8.00,22.00,1.40,18.00,6.00,22.00,1.40,57.00,5.00,22.00,1.40,26.00,9.00,22.00,1.40,42.00,7.00,22.00,1.40,1537.00,11.00,22.00,1.40
Oct-20,25,10,16,1,136,5,16,1,1015.00,18.00,16.00,1.00,36.00,7.00,16.00,1.00,12.00,6.00,16.00,1.00,67.00,5.00,16.00,1.00,50.00,17.00,16.00,1.00,53.00,10.00,16.00,1.00,1684.00,12.00,16.00,1.00
Oct-20,25,9,15,0.9,147,5,15,0.9,1161.00,15.00,15.00,0.90,45.00,10.00,15.00,0.90,19.00,6.00,15.00,0.90,39.00,3.00,15.00,0.90,33.00,8.00,15.00,0.90,41.00,6.00,15.00,0.90,1600.00,11.00,15.00,0.90
Oct-20,27,11,15,1,136,6,15,1,660.00,16.00,15.00,1.00,56.00,10.00,15.00,1.00,5.00,2.00,15.00,1.00,40.00,4.00,15.00,1.00,32.00,10.00,15.00,1.00,30.00,5.00,15.00,1.00,1527.00,11.00,15.00,1.00
Oct-20,11,7,23,1.9,86,4,23,1.9,1004.00,19.00,23.00,1.90,22.00,7.00,23.00,1.90,10.00,6.00,23.00,1.90,49.00,5.00,23.00,1.90,22.00,13.00,23.00,1.90,12.00,2.00,23.00,1.90,1209.00,10.00,23.00,1.90
Oct-20,38,14,14,1.1,197,6,14,1.1,1015.00,15.00,14.00,1.10,48.00,10.00,14.00,1.10,8.00,3.00,14.00,1.10,59.00,4.00,14.00,1.10,35.00,13.00,14.00,1.10,29.00,5.00,14.00,1.10,1274.00,11.00,14.00,1.10
Oct-20,12,5,21,1.3,154,5,21,1.3,919.00,15.00,21.00,1.30,41.00,9.00,21.00,1.30,13.00,5.00,21.00,1.30,40.00,5.00,21.00,1.30,24.00,8.00,21.00,1.30,53.00,8.00,21.00,1.30,1637.00,11.00,21.00,1.30
Oct-20,31,12,18,1.3,141,5,18,1.3,1007.00,15.00,18.00,1.30,26.00,5.00,18.00,1.30,21.00,7.00,18.00,1.30,64.00,5.00,18.00,1.30,35.00,14.00,18.00,1.30,24.00,4.00,18.00,1.30,1380.00,10.00,18.00,1.30
Oct-20,46,15,24,1.6,169,5,24,1.6,1056.00,15.00,24.00,1.60,45.00,6.00,24.00,1.60,12.00,5.00,24.00,1.60,63.00,6.00,24.00,1.60,43.00,13.00,24.00,1.60,20.00,4.00,24.00,1.60,1545.00,11.00,24.00,1.60
Oct-20,24,10,24,1.4,188,6,24,1.4,830.00,14.00,24.00,1.40,58.00,10.00,24.00,1.40,16.00,7.00,24.00,1.40,52.00,4.00,24.00,1.40,33.00,13.00,24.00,1.40,45.00,7.00,24.00,1.40,1696.00,11.00,24.00,1.40
Oct-20,12,7,14,0.9,124,5,14,0.9,568.00,13.00,14.00,0.90,29.00,7.00,14.00,0.90,16.00,8.00,14.00,0.90,83.00,6.00,14.00,0.90,37.00,9.00,14.00,0.90,31.00,6.00,14.00,0.90,1586.00,11.00,14.00,0.90
Oct-20,8,5,19,1.7,95,5,19,1.7,854.00,17.00,19.00,1.70,23.00,8.00,19.00,1.70,14.00,7.00,19.00,1.70,32.00,4.00,19.00,1.70,35.00,14.00,19.00,1.70,26.00,5.00,19.00,1.70,1094.00,10.00,19.00,1.70
Oct-20,39,13,23,1.8,164,5,23,1.8,893.00,14.00,23.00,1.80,37.00,8.00,23.00,1.80,12.00,6.00,23.00,1.80,57.00,5.00,23.00,1.80,22.00,6.00,23.00,1.80,37.00,6.00,23.00,1.80,1308.00,12.00,23.00,1.80
Oct-20,22,9,15,1,142,5,15,1,794.00,15.00,15.00,1.00,28.00,7.00,15.00,1.00,10.00,5.00,15.00,1.00,57.00,6.00,15.00,1.00,54.00,18.00,15.00,1.00,48.00,8.00,15.00,1.00,1436.00,10.00,15.00,1.00
Oct-20,15,6,20,1.5,122,5,20,1.5,896.00,16.00,20.00,1.50,16.00,4.00,20.00,1.50,15.00,9.00,20.00,1.50,55.00,5.00,20.00,1.50,19.00,9.00,20.00,1.50,31.00,6.00,20.00,1.50,1335.00,11.00,20.00,1.50
Oct-20,49,13,23,1.5,181,5,23,1.5,1161.00,17.00,23.00,1.50,24.00,5.00,23.00,1.50,25.00,9.00,23.00,1.50,90.00,9.00,23.00,1.50,34.00,14.00,23.00,1.50,38.00,7.00,23.00,1.50,1493.00,12.00,23.00,1.50
Oct-20,30,8,25,1.5,164,6,25,1.5,1094.00,15.00,25.00,1.50,33.00,6.00,25.00,1.50,32.00,10.00,25.00,1.50,52.00,6.00,25.00,1.50,46.00,9.00,25.00,1.50,54.00,8.00,25.00,1.50,1681.00,12.00,25.00,1.50
Oct-20,34,14,19,1.2,148,6,19,1.2,674.00,13.00,19.00,1.20,36.00,6.00,19.00,1.20,17.00,7.00,19.00,1.20,54.00,6.00,19.00,1.20,29.00,15.00,19.00,1.20,35.00,7.00,19.00,1.20,1604.00,11.00,19.00,1.20
Oct-20,18,6,18,1.4,118,6,18,1.4,1052.00,20.00,18.00,1.40,47.00,11.00,18.00,1.40,8.00,5.00,18.00,1.40,55.00,5.00,18.00,1.40,29.00,11.00,18.00,1.40,37.00,8.00,18.00,1.40,1320.00,11.00,18.00,1.40
Nov-20,45,14,18,1.1,173,6,18,1.1,1070.00,16.00,18.00,1.10,35.00,6.00,18.00,1.10,16.00,9.00,18.00,1.10,54.00,11.00,18.00,1.10,39.00,15.00,18.00,1.10,58.00,10.00,18.00,1.10,1568.00,12.00,18.00,1.10
Nov-20,35,12,25,1.4,154,6,25,1.4,1079.00,16.00,25.00,1.40,37.00,6.00,25.00,1.40,19.00,10.00,25.00,1.40,57.00,6.00,25.00,1.40,44.00,12.00,25.00,1.40,31.00,4.00,25.00,1.40,1736.00,13.00,25.00,1.40
Nov-20,37,13,17,1,186,7,17,1,926.00,15.00,17.00,1.00,45.00,7.00,17.00,1.00,19.00,7.00,17.00,1.00,84.00,7.00,17.00,1.00,36.00,17.00,17.00,1.00,23.00,5.00,17.00,1.00,1659.00,12.00,17.00,1.00
Nov-20,65,16,21,1.4,162,5,21,1.4,1200.00,15.00,21.00,1.40,40.00,5.00,21.00,1.40,26.00,9.00,21.00,1.40,101.00,9.00,21.00,1.40,37.00,10.00,21.00,1.40,28.00,4.00,21.00,1.40,1517.00,11.00,21.00,1.40
Nov-20,31,8,17,0.9,158,5,17,0.9,958.00,14.00,17.00,0.90,37.00,6.00,17.00,0.90,19.00,7.00,17.00,0.90,59.00,5.00,17.00,0.90,61.00,14.00,17.00,0.90,34.00,5.00,17.00,0.90,1842.00,12.00,17.00,0.90
Nov-20,52,17,15,1,164,7,15,1,794.00,14.00,15.00,1.00,40.00,8.00,15.00,1.00,17.00,7.00,15.00,1.00,65.00,8.00,15.00,1.00,29.00,11.00,15.00,1.00,26.00,5.00,15.00,1.00,1469.00,11.00,15.00,1.00
Nov-20,19,7,13,1,122,5,13,1,964.00,16.00,13.00,1.00,34.00,11.00,13.00,1.00,21.00,9.00,13.00,1.00,44.00,5.00,13.00,1.00,21.00,12.00,13.00,1.00,35.00,7.00,13.00,1.00,1289.00,11.00,13.00,1.00
Nov-20,56,16,18,1.2,147,6,18,1.2,1123.00,16.00,18.00,1.20,38.00,6.00,18.00,1.20,17.00,7.00,18.00,1.20,101.00,15.00,18.00,1.20,19.00,6.00,18.00,1.20,27.00,4.00,18.00,1.20,1474.00,12.00,18.00,1.20
Nov-20,37,13,25,1.5,248,8,25,1.5,1121.00,16.00,25.00,1.50,37.00,6.00,25.00,1.50,22.00,7.00,25.00,1.50,63.00,7.00,25.00,1.50,43.00,13.00,25.00,1.50,70.00,11.00,25.00,1.50,1683.00,12.00,25.00,1.50
Nov-20,46,12,16,0.9,173,7,16,0.9,1179.00,17.00,16.00,0.90,27.00,4.00,16.00,0.90,28.00,10.00,16.00,0.90,92.00,8.00,16.00,0.90,54.00,14.00,16.00,0.90,28.00,4.00,16.00,0.90,1699.00,13.00,16.00,0.90
Nov-20,44,10,19,1.1,215,6,19,1.1,1105.00,16.00,19.00,1.10,34.00,5.00,19.00,1.10,12.00,4.00,19.00,1.10,67.00,5.00,19.00,1.10,44.00,12.00,19.00,1.10,54.00,8.00,19.00,1.10,1733.00,12.00,19.00,1.10
Nov-20,45,13,13,0.7,198,7,13,0.7,1199.00,17.00,13.00,0.70,39.00,6.00,13.00,0.70,9.00,3.00,13.00,0.70,42.00,6.00,13.00,0.70,58.00,18.00,13.00,0.70,41.00,6.00,13.00,0.70,1845.00,11.00,13.00,0.70
Nov-20,52,17,19,1.1,167,8,19,1.1,825.00,18.00,19.00,1.10,42.00,7.00,19.00,1.10,19.00,7.00,19.00,1.10,62.00,5.00,19.00,1.10,35.00,13.00,19.00,1.10,38.00,8.00,19.00,1.10,1767.00,13.00,19.00,1.10
Nov-20,14,8,14,0.9,139,6,14,0.9,1280.00,20.00,14.00,0.90,33.00,9.00,14.00,0.90,10.00,5.00,14.00,0.90,86.00,5.00,14.00,0.90,26.00,10.00,14.00,0.90,24.00,5.00,14.00,0.90,1531.00,13.00,14.00,0.90
Nov-20,51,12,21,1.1,272,10,21,1.1,1209.00,16.00,21.00,1.10,38.00,5.00,21.00,1.10,7.00,3.00,21.00,1.10,83.00,7.00,21.00,1.10,50.00,12.00,21.00,1.10,39.00,6.00,21.00,1.10,1837.00,13.00,21.00,1.10
Nov-20,40,12,21,1,190,7,21,1,1466.00,19.00,21.00,1.00,31.00,4.00,21.00,1.00,17.00,6.00,21.00,1.00,75.00,7.00,21.00,1.00,47.00,15.00,21.00,1.00,45.00,7.00,21.00,1.00,2139.00,14.00,21.00,1.00
Nov-20,38,9,39,1.8,255,8,39,1.8,1348.00,18.00,39.00,1.80,60.00,8.00,39.00,1.80,28.00,11.00,39.00,1.80,83.00,6.00,39.00,1.80,54.00,15.00,39.00,1.80,26.00,5.00,39.00,1.80,2212.00,14.00,39.00,1.80
Nov-20,29,7,21,1,268,7,21,1,1502.00,18.00,21.00,1.00,46.00,7.00,21.00,1.00,36.00,11.00,21.00,1.00,69.00,6.00,21.00,1.00,58.00,14.00,21.00,1.00,29.00,6.00,21.00,1.00,2111.00,13.00,21.00,1.00
Nov-20,39,9,30,1.3,208,6,30,1.3,1398.00,19.00,30.00,1.30,41.00,6.00,30.00,1.30,21.00,7.00,30.00,1.30,73.00,8.00,30.00,1.30,61.00,15.00,30.00,1.30,27.00,7.00,30.00,1.30,2364.00,13.00,30.00,1.30
Nov-20,37,12,17,0.7,193,8,17,0.7,1151.00,22.00,17.00,0.70,50.00,10.00,17.00,0.70,15.00,6.00,17.00,0.70,76.00,6.00,17.00,0.70,55.00,18.00,17.00,0.70,24.00,5.00,17.00,0.70,2275.00,15.00,17.00,0.70
Nov-20,16,7,28,1.5,232,9,28,1.5,1500.00,22.00,28.00,1.50,49.00,9.00,28.00,1.50,21.00,7.00,28.00,1.50,107.00,9.00,28.00,1.50,38.00,15.00,28.00,1.50,21.00,4.00,28.00,1.50,1847.00,15.00,28.00,1.50
Nov-20,50,12,38,1.8,367,11,38,1.8,1477.00,21.00,38.00,1.80,38.00,6.00,38.00,1.80,13.00,4.00,38.00,1.80,77.00,11.00,38.00,1.80,53.00,17.00,38.00,1.80,41.00,6.00,38.00,1.80,2060.00,15.00,38.00,1.80
Nov-20,41,12,28,1.2,297,11,28,1.2,1313.00,19.00,28.00,1.20,59.00,8.00,28.00,1.20,32.00,11.00,28.00,1.20,72.00,7.00,28.00,1.20,61.00,15.00,28.00,1.20,46.00,7.00,28.00,1.20,2419.00,15.00,28.00,1.20
Nov-20,35,8,32,1.4,221,8,32,1.4,1465.00,19.00,32.00,1.40,53.00,9.00,32.00,1.40,51.00,16.00,32.00,1.40,98.00,8.00,32.00,1.40,58.00,14.00,32.00,1.40,39.00,6.00,32.00,1.40,2230.00,15.00,32.00,1.40
Nov-20,44,11,39,1.8,274,8,39,1.8,1249.00,18.00,39.00,1.80,80.00,11.00,39.00,1.80,24.00,8.00,39.00,1.80,100.00,8.00,39.00,1.80,71.00,21.00,39.00,1.80,41.00,6.00,39.00,1.80,2156.00,13.00,39.00,1.80
Nov-20,53,12,37,1.6,316,9,37,1.6,1626.00,20.00,37.00,1.60,42.00,6.00,37.00,1.60,19.00,6.00,37.00,1.60,64.00,5.00,37.00,1.60,69.00,18.00,37.00,1.60,42.00,7.00,37.00,1.60,2292.00,13.00,37.00,1.60
Nov-20,39,12,20,0.9,288,9,20,0.9,951.00,19.00,20.00,0.90,38.00,8.00,20.00,0.90,36.00,13.00,20.00,0.90,99.00,9.00,20.00,0.90,46.00,14.00,20.00,0.90,37.00,6.00,20.00,0.90,2273.00,14.00,20.00,0.90
Nov-20,26,9,36,1.9,156,5,36,1.9,1300.00,21.00,36.00,1.90,36.00,9.00,36.00,1.90,22.00,10.00,36.00,1.90,104.00,9.00,36.00,1.90,38.00,16.00,36.00,1.90,26.00,5.00,36.00,1.90,1908.00,14.00,36.00,1.90
Nov-20,41,11,29,1.6,367,11,29,1.6,1492.00,20.00,29.00,1.60,32.00,6.00,29.00,1.60,26.00,9.00,29.00,1.60,52.00,7.00,29.00,1.60,87.00,25.00,29.00,1.60,32.00,6.00,29.00,1.60,1788.00,13.00,29.00,1.60
Nov-20,50,14,35,1.4,297,9,35,1.4,1436.00,20.00,35.00,1.40,65.00,10.00,35.00,1.40,23.00,9.00,35.00,1.40,98.00,8.00,35.00,1.40,84.00,21.00,35.00,1.40,37.00,6.00,35.00,1.40,2525.00,16.00,35.00,1.40
Dec-20,44,11,31,1.4,335,10,31,1.4,1452.00,20.00,31.00,1.40,29.00,5.00,31.00,1.40,23.00,9.00,31.00,1.40,83.00,9.00,31.00,1.40,62.00,19.00,31.00,1.40,42.00,7.00,31.00,1.40,2293.00,15.00,31.00,1.40
Dec-20,42,10,38,1.7,237,7,38,1.7,1348.00,18.00,38.00,1.70,31.00,6.00,38.00,1.70,39.00,13.00,38.00,1.70,140.00,11.00,38.00,1.70,69.00,16.00,38.00,1.70,35.00,6.00,38.00,1.70,2198.00,14.00,38.00,1.70
Dec-20,34,13,35,1.5,356,10,35,1.5,1601.00,19.00,35.00,1.50,55.00,8.00,35.00,1.50,21.00,6.00,35.00,1.50,93.00,9.00,35.00,1.50,73.00,16.00,35.00,1.50,52.00,8.00,35.00,1.50,2316.00,14.00,35.00,1.50
Dec-20,24,8,24,1.1,353,10,24,1.1,1117.00,19.00,24.00,1.10,45.00,11.00,24.00,1.10,17.00,5.00,24.00,1.10,136.00,17.00,24.00,1.10,59.00,19.00,24.00,1.10,30.00,8.00,24.00,1.10,2252.00,15.00,24.00,1.10
Dec-20,7,3,35,1.9,195,7,35,1.9,1085.00,19.00,35.00,1.90,29.00,6.00,35.00,1.90,36.00,12.00,35.00,1.90,80.00,7.00,35.00,1.90,58.00,13.00,35.00,1.90,13.00,3.00,35.00,1.90,1888.00,14.00,35.00,1.90
Dec-20,15,8,31,1.9,308,9,31,1.9,1442.00,19.00,31.00,1.90,51.00,8.00,31.00,1.90,18.00,7.00,31.00,1.90,37.00,6.00,31.00,1.90,54.00,17.00,31.00,1.90,22.00,5.00,31.00,1.90,1666.00,13.00,31.00,1.90
Dec-20,23,18,36,1.6,292,8,36,1.6,1234.00,17.00,36.00,1.60,67.00,10.00,36.00,1.60,30.00,9.00,36.00,1.60,90.00,9.00,36.00,1.60,47.00,11.00,36.00,1.60,15.00,2.00,36.00,1.60,2198.00,15.00,36.00,1.60
Dec-20,42,15,32,1.5,306,8,32,1.5,1365.00,19.00,32.00,1.50,64.00,9.00,32.00,1.50,20.00,6.00,32.00,1.50,124.00,10.00,32.00,1.50,60.00,15.00,32.00,1.50,23.00,5.00,32.00,1.50,2202.00,13.00,32.00,1.50
Dec-20,22,6,24,1.1,289,7,24,1.1,972.00,14.00,24.00,1.10,46.00,6.00,24.00,1.10,29.00,9.00,24.00,1.10,97.00,7.00,24.00,1.10,67.00,16.00,24.00,1.10,47.00,6.00,24.00,1.10,2159.00,13.00,24.00,1.10
Dec-20,29,7,37,2,260,8,37,2,1168.00,15.00,37.00,2.00,39.00,8.00,37.00,2.00,14.00,5.00,37.00,2.00,74.00,6.00,37.00,2.00,58.00,14.00,37.00,2.00,49.00,7.00,37.00,2.00,1861.00,11.00,37.00,2.00
Dec-20,28,10,19,1,244,8,19,1,629.00,14.00,19.00,1.00,42.00,7.00,19.00,1.00,23.00,8.00,19.00,1.00,53.00,8.00,19.00,1.00,33.00,12.00,19.00,1.00,53.00,9.00,19.00,1.00,1884.00,12.00,19.00,1.00
Dec-20,22,6,34,2.6,187,6,34,2.6,874.00,15.00,34.00,2.60,35.00,7.00,34.00,2.60,19.00,9.00,34.00,2.60,61.00,6.00,34.00,2.60,68.00,19.00,34.00,2.60,24.00,4.00,34.00,2.60,1329.00,11.00,34.00,2.60
Dec-20,22,6,32,2.4,279,8,32,2.4,983.00,13.00,32.00,2.40,29.00,6.00,32.00,2.40,26.00,12.00,32.00,2.40,66.00,5.00,32.00,2.40,57.00,16.00,32.00,2.40,36.00,6.00,32.00,2.40,1355.00,11.00,32.00,2.40
Dec-20,34,10,37,2.1,296,8,37,2.1,905.00,13.00,37.00,2.10,49.00,8.00,37.00,2.10,37.00,12.00,37.00,2.10,82.00,5.00,37.00,2.10,77.00,18.00,37.00,2.10,49.00,6.00,37.00,2.10,1799.00,11.00,37.00,2.10
Dec-20,21,7,40,2.1,297,9,40,2.1,1057.00,14.00,40.00,2.10,33.00,6.00,40.00,2.10,30.00,13.00,40.00,2.10,95.00,9.00,40.00,2.10,60.00,14.00,40.00,2.10,23.00,4.00,40.00,2.10,1877.00,10.00,40.00,2.10
Dec-20,20,6,27,1.7,184,5,27,1.7,604.00,11.00,27.00,1.70,33.00,6.00,27.00,1.70,16.00,6.00,27.00,1.70,80.00,5.00,27.00,1.70,57.00,11.00,27.00,1.70,33.00,4.00,27.00,1.70,1632.00,10.00,27.00,1.70
Dec-20,17,9,36,3.2,127,4,36,3.2,829.00,13.00,36.00,3.20,45.00,8.00,36.00,3.20,23.00,11.00,36.00,3.20,57.00,6.00,36.00,3.20,55.00,15.00,36.00,3.20,19.00,4.00,36.00,3.20,1134.00,9.00,36.00,3.20
Dec-20,29,9,25,1.9,241,6,25,1.9,603.00,11.00,25.00,1.90,8.00,2.00,25.00,1.90,9.00,5.00,25.00,1.90,57.00,5.00,25.00,1.90,40.00,13.00,25.00,1.90,25.00,4.00,25.00,1.90,1318.00,9.00,25.00,1.90
Dec-20,17,5,25,2,214,6,25,2,706.00,12.00,25.00,2.00,34.00,7.00,25.00,2.00,14.00,6.00,25.00,2.00,90.00,8.00,25.00,2.00,30.00,10.00,25.00,2.00,14.00,2.00,25.00,2.00,1267.00,10.00,25.00,2.00
Dec-20,23,7,38,3.3,186,6,38,3.3,747.00,11.00,38.00,3.30,31.00,6.00,38.00,3.30,29.00,12.00,38.00,3.30,51.00,9.00,38.00,3.30,38.00,14.00,38.00,3.30,23.00,5.00,38.00,3.30,1153.00,9.00,38.00,3.30
Dec-20,14,5,32,2.2,223,6,32,2.2,690.00,11.00,32.00,2.20,30.00,7.00,32.00,2.20,20.00,7.00,32.00,2.20,44.00,4.00,32.00,2.20,51.00,13.00,32.00,2.20,14.00,3.00,32.00,2.20,1470.00,9.00,32.00,2.20
Dec-20,23,8,17,1.3,226,8,17,1.3,739.00,11.00,17.00,1.30,18.00,3.00,17.00,1.30,18.00,7.00,17.00,1.30,60.00,4.00,17.00,1.30,34.00,11.00,17.00,1.30,19.00,3.00,17.00,1.30,1318.00,9.00,17.00,1.30
Dec-20,19,8,30,2.2,199,7,30,2.2,678.00,12.00,30.00,2.20,29.00,5.00,30.00,2.20,21.00,11.00,30.00,2.20,57.00,5.00,30.00,2.20,27.00,12.00,30.00,2.20,68.00,12.00,30.00,2.20,1367.00,9.00,30.00,2.20
Dec-20,8,3,19,1.5,173,6,19,1.5,663.00,11.00,19.00,1.50,26.00,4.00,19.00,1.50,23.00,12.00,19.00,1.50,54.00,6.00,19.00,1.50,40.00,10.00,19.00,1.50,14.00,2.00,19.00,1.50,1234.00,9.00,19.00,1.50
Dec-20,15,6,20,1.7,132,5,20,1.7,402.00,9.00,20.00,1.70,30.00,6.00,20.00,1.70,13.00,8.00,20.00,1.70,63.00,7.00,20.00,1.70,9.00,5.00,20.00,1.70,6.00,1.00,20.00,1.70,1163.00,8.00,20.00,1.70
Dec-20,16,7,30,3.6,188,6,30,3.6,550.00,11.00,30.00,3.60,32.00,6.00,30.00,3.60,13.00,7.00,30.00,3.60,42.00,4.00,30.00,3.60,36.00,14.00,30.00,3.60,19.00,3.00,30.00,3.60,834.00,8.00,30.00,3.60
Dec-20,16,5,24,2.3,193,6,24,2.3,557.00,10.00,24.00,2.30,16.00,4.00,24.00,2.30,3.00,1.00,24.00,2.30,53.00,8.00,24.00,2.30,22.00,9.00,24.00,2.30,6.00,1.00,24.00,2.30,1049.00,8.00,24.00,2.30
Dec-20,25,8,27,2.9,165,5,27,2.9,514.00,10.00,27.00,2.90,29.00,8.00,27.00,2.90,13.00,5.00,27.00,2.90,76.00,9.00,27.00,2.90,28.00,9.00,27.00,2.90,27.00,3.00,27.00,2.90,932.00,7.00,27.00,2.90
Dec-20,20,7,30,2.5,206,6,30,2.5,521.00,9.00,30.00,2.50,23.00,4.00,30.00,2.50,11.00,5.00,30.00,2.50,73.00,7.00,30.00,2.50,22.00,8.00,30.00,2.50,17.00,2.00,30.00,2.50,1181.00,8.00,30.00,2.50
Dec-20,14,4,22,1.8,137,5,22,1.8,512.00,11.00,22.00,1.80,13.00,3.00,22.00,1.80,16.00,8.00,22.00,1.80,68.00,9.00,22.00,1.80,16.00,7.00,22.00,1.80,29.00,4.00,22.00,1.80,1235.00,8.00,22.00,1.80
Dec-20,34,6,28,2.8,193,7,28,2.8,493.00,10.00,28.00,2.80,21.00,5.00,28.00,2.80,10.00,6.00,28.00,2.80,57.00,5.00,28.00,2.80,27.00,9.00,28.00,2.80,15.00,4.00,28.00,2.80,1014.00,8.00,28.00,2.80
Jan-21,5,3,17,1.7,95,4,17,1.7,300.00,9.00,17.00,1.70,7.00,2.00,17.00,1.70,7.00,4.00,17.00,1.70,29.00,6.00,17.00,1.70,23.00,10.00,17.00,1.70,10.00,3.00,17.00,1.70,990.00,8.00,17.00,1.70
Jan-21,14,5,23,3.4,136,5,23,3.4,478.00,11.00,23.00,3.40,33.00,6.00,23.00,3.40,13.00,8.00,23.00,3.40,30.00,3.00,23.00,3.40,6.00,4.00,23.00,3.40,10.00,1.00,23.00,3.40,684.00,7.00,23.00,3.40
Jan-21,7,4,27,3.2,182,6,27,3.2,517.00,10.00,27.00,3.20,11.00,2.00,27.00,3.20,13.00,7.00,27.00,3.20,65.00,12.00,27.00,3.20,16.00,7.00,27.00,3.20,6.00,2.00,27.00,3.20,835.00,8.00,27.00,3.20
Jan-21,4,3,24,2.6,149,4,24,2.6,540.00,9.00,24.00,2.60,25.00,5.00,24.00,2.60,5.00,2.00,24.00,2.60,35.00,3.00,24.00,2.60,22.00,8.00,24.00,2.60,31.00,3.00,24.00,2.60,910.00,8.00,24.00,2.60
Jan-21,13,5,20,2,132,5,20,2,406.00,7.00,20.00,2.00,28.00,4.00,20.00,2.00,9.00,3.00,20.00,2.00,53.00,4.00,20.00,2.00,21.00,7.00,20.00,2.00,25.00,5.00,20.00,2.00,991.00,7.00,20.00,2.00
Jan-21,11,3,17,1.7,175,4,17,1.7,546.00,8.00,17.00,1.70,28.00,5.00,17.00,1.70,2.00,1.00,17.00,1.70,40.00,5.00,17.00,1.70,19.00,7.00,17.00,1.70,32.00,4.00,17.00,1.70,978.00,6.00,17.00,1.70
Jan-21,20,5,31,3.1,190,5,31,3.1,431.00,8.00,31.00,3.10,23.00,3.00,31.00,3.10,12.00,4.00,31.00,3.10,25.00,3.00,31.00,3.10,26.00,6.00,31.00,3.10,32.00,4.00,31.00,3.10,1007.00,7.00,31.00,3.10
Jan-21,16,4,16,2,126,4,16,2,341.00,8.00,16.00,2.00,25.00,4.00,16.00,2.00,8.00,3.00,16.00,2.00,25.00,4.00,16.00,2.00,27.00,7.00,16.00,2.00,12.00,2.00,16.00,2.00,785.00,6.00,16.00,2.00
Jan-21,9,3,22,3.2,192,5,22,3.2,435.00,8.00,22.00,3.20,20.00,4.00,22.00,3.20,3.00,2.00,22.00,3.20,32.00,3.00,22.00,3.20,12.00,5.00,22.00,3.20,11.00,2.00,22.00,3.20,692.00,5.00,22.00,3.20
Jan-21,10,3,25,2.3,153,4,25,2.3,487.00,9.00,25.00,2.30,19.00,4.00,25.00,2.30,14.00,5.00,25.00,2.30,43.00,4.00,25.00,2.30,25.00,7.00,25.00,2.30,14.00,2.00,25.00,2.30,1071.00,8.00,25.00,2.30
Jan-21,7,2,22,2.6,106,3,22,2.6,360.00,7.00,22.00,2.60,32.00,5.00,22.00,2.60,8.00,2.00,22.00,2.60,27.00,2.00,22.00,2.60,12.00,3.00,22.00,2.60,23.00,2.00,22.00,2.60,849.00,6.00,22.00,2.60
Jan-21,10,3,16,2.2,164,5,16,2.2,406.00,7.00,16.00,2.20,46.00,7.00,16.00,2.20,17.00,6.00,16.00,2.20,52.00,3.00,16.00,2.20,33.00,7.00,16.00,2.20,21.00,3.00,16.00,2.20,718.00,5.00,16.00,2.20
Jan-21,12,3,14,1.6,130,3,14,1.6,445.00,8.00,14.00,1.60,16.00,3.00,14.00,1.60,11.00,3.00,14.00,1.60,45.00,3.00,14.00,1.60,19.00,5.00,14.00,1.60,15.00,2.00,14.00,1.60,890.00,6.00,14.00,1.60
Jan-21,16,4,16,2,160,4,16,2,467.00,8.00,16.00,2.00,15.00,3.00,16.00,2.00,9.00,4.00,16.00,2.00,32.00,4.00,16.00,2.00,27.00,8.00,16.00,2.00,24.00,3.00,16.00,2.00,813.00,5.00,16.00,2.00
Jan-21,10,3,13,1.7,92,3,13,1.7,323.00,7.00,13.00,1.70,36.00,5.00,13.00,1.70,5.00,2.00,13.00,1.70,21.00,2.00,13.00,1.70,22.00,8.00,13.00,1.70,9.00,2.00,13.00,1.70,762.00,6.00,13.00,1.70
Jan-21,10,3,21,3.6,103,3,21,3.6,320.00,6.00,21.00,3.60,8.00,1.00,21.00,3.60,10.00,3.00,21.00,3.60,34.00,2.00,21.00,3.60,7.00,3.00,21.00,3.60,9.00,1.00,21.00,3.60,578.00,5.00,21.00,3.60
Jan-21,16,4,23,4,120,4,23,4,442.00,7.00,23.00,4.00,27.00,6.00,23.00,4.00,10.00,4.00,23.00,4.00,30.00,5.00,23.00,4.00,15.00,6.00,23.00,4.00,16.00,2.00,23.00,4.00,569.00,4.00,23.00,4.00
Jan-21,17,5,16,2.3,114,3,16,2.3,368.00,6.00,16.00,2.30,9.00,2.00,16.00,2.30,6.00,2.00,16.00,2.30,49.00,4.00,16.00,2.30,11.00,5.00,16.00,2.30,19.00,2.00,16.00,2.30,697.00,5.00,16.00,2.30
Jan-21,9,3,20,2.8,127,3,20,2.8,339.00,6.00,20.00,2.80,21.00,3.00,20.00,2.80,8.00,3.00,20.00,2.80,62.00,4.00,20.00,2.80,9.00,3.00,20.00,2.80,11.00,1.00,20.00,2.80,702.00,5.00,20.00,2.80
Jan-21,13,4,8,1.2,134,3,8,1.2,386.00,6.00,8.00,1.20,19.00,3.00,8.00,1.20,2.00,1.00,8.00,1.20,40.00,3.00,8.00,1.20,11.00,4.00,8.00,1.20,6.00,1.00,8.00,1.20,656.00,4.00,8.00,1.20
Jan-21,4,1,16,2.7,140,3,16,2.7,318.00,6.00,16.00,2.70,14.00,3.00,16.00,2.70,6.00,3.00,16.00,2.70,41.00,4.00,16.00,2.70,19.00,7.00,16.00,2.70,28.00,4.00,16.00,2.70,584.00,4.00,16.00,2.70
Jan-21,3,1,15,2.4,59,2,15,2.4,272.00,5.00,15.00,2.40,8.00,1.00,15.00,2.40,6.00,2.00,15.00,2.40,25.00,2.00,15.00,2.40,4.00,2.00,15.00,2.40,10.00,1.00,15.00,2.40,619.00,4.00,15.00,2.40
Jan-21,11,4,22,5,92,2,22,5,289.00,6.00,22.00,5.00,29.00,5.00,22.00,5.00,9.00,5.00,22.00,5.00,18.00,2.00,22.00,5.00,15.00,4.00,22.00,5.00,12.00,2.00,22.00,5.00,436.00,4.00,22.00,5.00
Jan-21,23,6,20,4.2,103,3,20,4.2,269.00,5.00,20.00,4.20,10.00,2.00,20.00,4.20,6.00,3.00,20.00,4.20,33.00,4.00,20.00,4.20,16.00,5.00,20.00,4.20,46.00,5.00,20.00,4.20,473.00,3.00,20.00,4.20
Jan-21,6,2,18,3,104,2,18,3,288.00,5.00,18.00,3.00,8.00,1.00,18.00,3.00,10.00,3.00,18.00,3.00,26.00,3.00,18.00,3.00,8.00,3.00,18.00,3.00,31.00,3.00,18.00,3.00,602.00,4.00,18.00,3.00
Jan-21,7,2,14,2.7,97,2,14,2.7,278.00,5.00,14.00,2.70,10.00,1.00,14.00,2.70,4.00,1.00,14.00,2.70,35.00,3.00,14.00,2.70,12.00,4.00,14.00,2.70,27.00,3.00,14.00,2.70,515.00,4.00,14.00,2.70
Jan-21,7,2,17,3.2,101,2,17,3.2,281.00,4.00,17.00,3.20,6.00,1.00,17.00,3.20,3.00,1.00,17.00,3.20,32.00,3.00,17.00,3.20,6.00,2.00,17.00,3.20,12.00,1.00,17.00,3.20,528.00,3.00,17.00,3.20
Jan-21,11,4,15,2.9,69,2,15,2.9,272.00,5.00,15.00,2.90,6.00,1.00,15.00,2.90,3.00,1.00,15.00,2.90,25.00,3.00,15.00,2.90,13.00,5.00,15.00,2.90,15.00,2.00,15.00,2.90,509.00,3.00,15.00,2.90
Jan-21,9,3,7,1.5,60,2,7,1.5,226.00,5.00,7.00,1.50,11.00,2.00,7.00,1.50,4.00,2.00,7.00,1.50,17.00,2.00,7.00,1.50,11.00,4.00,7.00,1.50,7.00,1.00,7.00,1.50,454.00,4.00,7.00,1.50
Jan-21,7,3,17,4.7,89,3,17,4.7,200.00,5.00,17.00,4.70,9.00,2.00,17.00,4.70,3.00,1.00,17.00,4.70,28.00,4.00,17.00,4.70,5.00,3.00,17.00,4.70,7.00,1.00,17.00,4.70,363.00,3.00,17.00,4.70
Jan-21,8,3,16,4.3,75,2,16,4.3,260.00,5.00,16.00,4.30,7.00,1.00,16.00,4.30,6.00,3.00,16.00,4.30,22.00,4.00,16.00,4.30,2.00,1.00,16.00,4.30,17.00,2.00,16.00,4.30,369.00,3.00,16.00,4.30
Feb-21,6,2,10,2.3,141,3,10,2.3,235.00,4.00,10.00,2.30,17.00,3.00,10.00,2.30,7.00,3.00,10.00,2.30,39.00,4.00,10.00,2.30,8.00,3.00,10.00,2.30,10.00,1.00,10.00,2.30,443.00,4.00,10.00,2.30
Feb-21,9,2,12,2.3,98,3,12,2.3,243.00,4.00,12.00,2.30,13.00,2.00,12.00,2.30,10.00,4.00,12.00,2.30,29.00,2.00,12.00,2.30,7.00,3.00,12.00,2.30,5.00,1.00,12.00,2.30,525.00,4.00,12.00,2.30
Feb-21,4,1,13,3,79,2,13,3,215.00,3.00,13.00,3.00,8.00,1.00,13.00,3.00,4.00,1.00,13.00,3.00,26.00,3.00,13.00,3.00,8.00,3.00,13.00,3.00,19.00,2.00,13.00,3.00,438.00,3.00,13.00,3.00
Feb-21,9,2,13,2.7,128,3,13,2.7,251.00,4.00,13.00,2.70,15.00,2.00,13.00,2.70,5.00,2.00,13.00,2.70,34.00,4.00,13.00,2.70,7.00,3.00,13.00,2.70,16.00,2.00,13.00,2.70,485.00,3.00,13.00,2.70
Feb-21,7,2,7,1.6,33,1,7,1.6,156.00,4.00,7.00,1.60,11.00,2.00,7.00,1.60,3.00,1.00,7.00,1.60,24.00,3.00,7.00,1.60,7.00,3.00,7.00,1.60,5.00,0.00,7.00,1.60,435.00,3.00,7.00,1.60
Feb-21,7,2,8,2.6,76,2,8,2.6,156.00,3.00,8.00,2.60,5.00,1.00,8.00,2.60,3.00,1.00,8.00,2.60,21.00,2.00,8.00,2.60,2.00,1.00,8.00,2.60,1.00,0.00,8.00,2.60,305.00,3.00,8.00,2.60
Feb-21,11,4,15,5.1,101,3,15,5.1,184.00,3.00,15.00,5.10,7.00,1.00,15.00,5.10,4.00,2.00,15.00,5.10,18.00,3.00,15.00,5.10,6.00,2.00,15.00,5.10,1.00,0.00,15.00,5.10,292.00,2.00,15.00,5.10
Feb-21,9,3,16,5.1,100,2,16,5.1,215.00,4.00,16.00,5.10,11.00,2.00,16.00,5.10,5.00,2.00,16.00,5.10,19.00,2.00,16.00,5.10,4.00,2.00,16.00,5.10,4.00,0.00,16.00,5.10,316.00,2.00,16.00,5.10
Feb-21,2,1,8,2.1,85,2,8,2.1,183.00,3.00,8.00,2.10,19.00,3.00,8.00,2.10,7.00,3.00,8.00,2.10,20.00,2.00,8.00,2.10,11.00,2.00,8.00,2.10,17.00,2.00,8.00,2.10,387.00,3.00,8.00,2.10
Feb-21,5,1,10,2.6,85,2,10,2.6,231.00,4.00,10.00,2.60,16.00,2.00,10.00,2.60,7.00,2.00,10.00,2.60,15.00,1.00,10.00,2.60,6.00,2.00,10.00,2.60,14.00,1.00,10.00,2.60,388.00,3.00,10.00,2.60
Feb-21,10,3,9,2.2,98,2,9,2.2,206.00,4.00,9.00,2.20,16.00,2.00,9.00,2.20,1.00,0.00,9.00,2.20,15.00,2.00,9.00,2.20,9.00,3.00,9.00,2.20,15.00,2.00,9.00,2.20,418.00,3.00,9.00,2.20
Feb-21,9,3,5,1.2,70,2,5,1.2,171.00,4.00,5.00,1.20,19.00,3.00,5.00,1.20,4.00,2.00,5.00,1.20,17.00,2.00,5.00,1.20,6.00,3.00,5.00,1.20,12.00,1.00,5.00,1.20,404.00,3.00,5.00,1.20
Feb-21,5,2,13,4.5,101,3,13,4.5,143.00,3.00,13.00,4.50,4.00,1.00,13.00,4.50,1.00,1.00,13.00,4.50,18.00,1.00,13.00,4.50,8.00,5.00,13.00,4.50,8.00,1.00,13.00,4.50,291.00,2.00,13.00,4.50
Feb-21,5,1,8,2.5,96,2,8,2.5,208.00,4.00,8.00,2.50,6.00,1.00,8.00,2.50,20.00,7.00,8.00,2.50,18.00,3.00,8.00,2.50,8.00,2.00,8.00,2.50,16.00,2.00,8.00,2.50,326.00,3.00,8.00,2.50
Feb-21,4,1,11,2.5,83,2,11,2.5,193.00,4.00,11.00,2.50,23.00,3.00,11.00,2.50,7.00,2.00,11.00,2.50,20.00,2.00,11.00,2.50,6.00,2.00,11.00,2.50,13.00,1.00,11.00,2.50,446.00,3.00,11.00,2.50
Feb-21,4,1,13,3.3,108,3,13,3.3,229.00,3.00,13.00,3.30,5.00,1.00,13.00,3.30,7.00,3.00,13.00,3.30,27.00,2.00,13.00,3.30,5.00,2.00,13.00,3.30,11.00,1.00,13.00,3.30,396.00,3.00,13.00,3.30
Feb-21,4,1,16,3.6,115,3,16,3.6,201.00,4.00,16.00,3.60,20.00,3.00,16.00,3.60,1.00,0.00,16.00,3.60,28.00,2.00,16.00,3.60,7.00,2.00,16.00,3.60,32.00,3.00,16.00,3.60,443.00,3.00,16.00,3.60
Feb-21,3,1,15,3.8,97,2,15,3.8,195.00,3.00,15.00,3.80,14.00,2.00,15.00,3.80,2.00,1.00,15.00,3.80,23.00,2.00,15.00,3.80,3.00,1.00,15.00,3.80,11.00,1.00,15.00,3.80,391.00,3.00,15.00,3.80
Feb-21,7,2,8,2,64,2,8,2,170.00,4.00,8.00,2.00,10.00,2.00,8.00,2.00,2.00,1.00,8.00,2.00,18.00,3.00,8.00,2.00,3.00,2.00,8.00,2.00,16.00,2.00,8.00,2.00,406.00,3.00,8.00,2.00
Feb-21,4,1,5,1.4,65,2,5,1.4,128.00,3.00,5.00,1.40,22.00,4.00,5.00,1.40,1.00,0.00,5.00,1.40,30.00,2.00,5.00,1.40,3.00,2.00,5.00,1.40,10.00,1.00,5.00,1.40,350.00,3.00,5.00,1.40
Feb-21,4,1,7,2.1,92,2,7,2.1,151.00,4.00,7.00,2.10,2.00,0.00,7.00,2.10,1.00,0.00,7.00,2.10,7.00,1.00,7.00,2.10,6.00,3.00,7.00,2.10,24.00,2.00,7.00,2.10,327.00,2.00,7.00,2.10
Feb-21,6,2,7,1.9,98,2,7,1.9,192.00,4.00,7.00,1.90,16.00,2.00,7.00,1.90,2.00,1.00,7.00,1.90,16.00,2.00,7.00,1.90,4.00,2.00,7.00,1.90,10.00,1.00,7.00,1.90,366.00,3.00,7.00,1.90
Feb-21,8,2,18,4.5,118,3,18,4.5,214.00,4.00,18.00,4.50,7.00,1.00,18.00,4.50,4.00,1.00,18.00,4.50,12.00,1.00,18.00,4.50,3.00,1.00,18.00,4.50,10.00,1.00,18.00,4.50,399.00,3.00,18.00,4.50
Feb-21,2,1,5,1.2,103,2,5,1.2,228.00,4.00,5.00,1.20,14.00,2.00,5.00,1.20,,,5.00,1.20,14.00,1.00,5.00,1.20,7.00,2.00,5.00,1.20,12.00,1.00,5.00,1.20,428.00,3.00,5.00,1.20
Feb-21,5,1,5,1.2,117,2,5,1.2,247.00,4.00,5.00,1.20,14.00,2.00,5.00,1.20,1.00,0.00,5.00,1.20,20.00,2.00,5.00,1.20,6.00,1.00,5.00,1.20,14.00,2.00,5.00,1.20,410.00,3.00,5.00,1.20
Feb-21,3,1,11,2.3,98,2,11,2.3,203.00,4.00,11.00,2.30,9.00,2.00,11.00,2.30,1.00,0.00,11.00,2.30,13.00,1.00,11.00,2.30,1.00,1.00,11.00,2.30,12.00,1.00,11.00,2.30,470.00,3.00,11.00,2.30
Feb-21,7,2,5,1.2,82,2,5,1.2,240.00,6.00,5.00,1.20,5.00,1.00,5.00,1.20,4.00,2.00,5.00,1.20,8.00,1.00,5.00,1.20,6.00,3.00,5.00,1.20,26.00,2.00,5.00,1.20,407.00,3.00,5.00,1.20
Feb-21,5,2,8,2.1,155,3,8,2.1,302.00,5.00,8.00,2.10,8.00,1.00,8.00,2.10,4.00,1.00,8.00,2.10,17.00,3.00,8.00,2.10,2.00,1.00,8.00,2.10,22.00,2.00,8.00,2.10,385.00,3.00,8.00,2.10
Mar-21,7,2,8,1.4,143,3,8,1.4,304.00,5.00,8.00,1.40,10.00,1.00,8.00,1.40,7.00,3.00,8.00,1.40,13.00,1.00,8.00,1.40,6.00,2.00,8.00,1.40,18.00,2.00,8.00,1.40,585.00,4.00,8.00,1.40
Mar-21,4,1,7,1.4,133,3,7,1.4,364.00,6.00,7.00,1.40,10.00,1.00,7.00,1.40,2.00,1.00,7.00,1.40,18.00,1.00,7.00,1.40,4.00,2.00,7.00,1.40,7.00,1.00,7.00,1.40,515.00,3.00,7.00,1.40
Mar-21,10,2,5,0.8,147,3,5,0.8,385.00,6.00,5.00,0.80,9.00,1.00,5.00,0.80,3.00,1.00,5.00,0.80,10.00,1.00,5.00,0.80,5.00,2.00,5.00,0.80,30.00,3.00,5.00,0.80,614.00,4.00,5.00,0.80
Mar-21,8,2,7,1.1,150,4,7,1.1,319.00,6.00,7.00,1.10,13.00,2.00,7.00,1.10,4.00,2.00,7.00,1.10,26.00,3.00,7.00,1.10,7.00,3.00,7.00,1.10,21.00,2.00,7.00,1.10,619.00,4.00,7.00,1.10
Mar-21,5,2,6,0.9,100,3,6,0.9,262.00,6.00,6.00,0.90,11.00,2.00,6.00,0.90,9.00,3.00,6.00,0.90,16.00,2.00,6.00,0.90,9.00,3.00,6.00,0.90,19.00,2.00,6.00,0.90,635.00,5.00,6.00,0.90
Mar-21,7,3,10,1.9,133,3,10,1.9,353.00,7.00,10.00,1.90,6.00,1.00,10.00,1.90,8.00,4.00,10.00,1.90,20.00,2.00,10.00,1.90,5.00,2.00,10.00,1.90,21.00,2.00,10.00,1.90,540.00,4.00,10.00,1.90
Mar-21,7,2,11,1.8,180,4,11,1.8,478.00,8.00,11.00,1.80,9.00,1.00,11.00,1.80,4.00,1.00,11.00,1.80,26.00,3.00,11.00,1.80,4.00,2.00,11.00,1.80,32.00,2.00,11.00,1.80,606.00,4.00,11.00,1.80
Mar-21,10,3,14,1.7,168,3,14,1.7,517.00,8.00,14.00,1.70,16.00,2.00,14.00,1.70,9.00,3.00,14.00,1.70,16.00,1.00,14.00,1.70,12.00,4.00,14.00,1.70,5.00,0.00,14.00,1.70,845.00,5.00,14.00,1.70
Mar-21,12,3,13,1.4,160,3,13,1.4,633.00,10.00,13.00,1.40,17.00,2.00,13.00,1.40,6.00,2.00,13.00,1.40,26.00,2.00,13.00,1.40,16.00,6.00,13.00,1.40,23.00,2.00,13.00,1.40,912.00,5.00,13.00,1.40
Mar-21,10,2,7,0.7,211,4,7,0.7,583.00,8.00,7.00,0.70,16.00,2.00,7.00,0.70,12.00,4.00,7.00,0.70,26.00,2.00,7.00,0.70,17.00,5.00,7.00,0.70,38.00,3.00,7.00,0.70,1018.00,6.00,7.00,0.70
Mar-21,13,3,6,0.6,199,4,6,0.6,703.00,11.00,6.00,0.60,22.00,3.00,6.00,0.60,10.00,4.00,6.00,0.60,37.00,2.00,6.00,0.60,17.00,5.00,6.00,0.60,19.00,1.00,6.00,0.60,1051.00,6.00,6.00,0.60
Mar-21,9,3,13,1.2,148,4,13,1.2,597.00,11.00,13.00,1.20,9.00,2.00,13.00,1.20,4.00,2.00,13.00,1.20,19.00,2.00,13.00,1.20,9.00,5.00,13.00,1.20,19.00,2.00,13.00,1.20,1066.00,7.00,13.00,1.20
Mar-21,10,3,12,1.2,205,4,12,1.2,736.00,12.00,12.00,1.20,39.00,6.00,12.00,1.20,3.00,1.00,12.00,1.20,30.00,2.00,12.00,1.20,8.00,3.00,12.00,1.20,24.00,2.00,12.00,1.20,1014.00,6.00,12.00,1.20
Mar-21,19,5,18,1.6,287,6,18,1.6,1090.00,14.00,18.00,1.60,21.00,3.00,18.00,1.60,8.00,3.00,18.00,1.60,31.00,4.00,18.00,1.60,26.00,7.00,18.00,1.60,44.00,3.00,18.00,1.60,1159.00,7.00,18.00,1.60
Mar-21,23,6,26,1.5,267,5,26,1.5,1074.00,13.00,26.00,1.50,46.00,5.00,26.00,1.50,3.00,1.00,26.00,1.50,40.00,2.00,26.00,1.50,24.00,5.00,26.00,1.50,34.00,3.00,26.00,1.50,1773.00,9.00,26.00,1.50
Mar-21,24,4,26,1.5,243,5,26,1.5,1205.00,13.00,26.00,1.50,42.00,5.00,26.00,1.50,8.00,2.00,26.00,1.50,40.00,3.00,26.00,1.50,18.00,4.00,26.00,1.50,36.00,3.00,26.00,1.50,1719.00,8.00,26.00,1.50
Mar-21,27,6,11,0.6,260,5,11,0.6,1210.00,15.00,11.00,0.60,46.00,6.00,11.00,0.60,12.00,3.00,11.00,0.60,54.00,4.00,11.00,0.60,26.00,6.00,11.00,0.60,59.00,4.00,11.00,0.60,1865.00,8.00,11.00,0.60
Mar-21,33,7,16,0.7,343,7,16,0.7,1337.00,16.00,16.00,0.70,32.00,4.00,16.00,0.70,11.00,3.00,16.00,0.70,69.00,7.00,16.00,0.70,24.00,6.00,16.00,0.70,62.00,5.00,16.00,0.70,2187.00,10.00,16.00,0.70
Mar-21,19,4,18,0.9,270,6,18,0.9,1203.00,16.00,18.00,0.90,29.00,4.00,18.00,0.90,13.00,4.00,18.00,0.90,89.00,6.00,18.00,0.90,12.00,4.00,18.00,0.90,28.00,2.00,18.00,0.90,1899.00,10.00,18.00,0.90
Mar-21,17,5,26,1.4,270,6,26,1.4,1321.00,17.00,26.00,1.40,36.00,5.00,26.00,1.40,17.00,6.00,26.00,1.40,54.00,5.00,26.00,1.40,11.00,3.00,26.00,1.40,29.00,2.00,26.00,1.40,1868.00,9.00,26.00,1.40
Mar-21,47,10,22,1,385,7,22,1,1561.00,16.00,22.00,1.00,52.00,6.00,22.00,1.00,29.00,6.00,22.00,1.00,56.00,5.00,22.00,1.00,17.00,5.00,22.00,1.00,94.00,7.00,22.00,1.00,2172.00,10.00,22.00,1.00
Mar-21,55,11,30,1.1,541,9,30,1.1,2235.00,20.00,30.00,1.10,52.00,6.00,30.00,1.10,26.00,7.00,30.00,1.10,103.00,8.00,30.00,1.10,24.00,6.00,30.00,1.10,107.00,6.00,30.00,1.10,2809.00,11.00,30.00,1.10
Mar-21,58,11,18,0.5,439,8,18,0.5,2197.00,20.00,18.00,0.50,61.00,6.00,18.00,0.50,27.00,7.00,18.00,0.50,82.00,5.00,18.00,0.50,36.00,6.00,18.00,0.50,78.00,5.00,18.00,0.50,3554.00,14.00,18.00,0.50
Mar-21,55,8,25,0.7,397,7,25,0.7,2356.00,20.00,25.00,0.70,64.00,5.00,25.00,0.70,34.00,7.00,25.00,0.70,126.00,7.00,25.00,0.70,55.00,11.00,25.00,0.70,91.00,6.00,25.00,0.70,3567.00,13.00,25.00,0.70
Mar-21,49,8,34,0.9,604,9,34,0.9,2715.00,19.00,34.00,0.90,61.00,7.00,34.00,0.90,25.00,5.00,34.00,0.90,88.00,6.00,34.00,0.90,57.00,9.00,34.00,0.90,82.00,5.00,34.00,0.90,3587.00,13.00,34.00,0.90
Mar-21,30,6,33,0.9,426,8,33,0.9,2167.00,23.00,33.00,0.90,84.00,9.00,33.00,0.90,24.00,5.00,33.00,0.90,84.00,7.00,33.00,0.90,25.00,7.00,33.00,0.90,59.00,5.00,33.00,0.90,3737.00,14.00,33.00,0.90
Mar-21,53,11,39,1.1,420,8,39,1.1,2914.00,26.00,39.00,1.10,23.00,4.00,39.00,1.10,25.00,9.00,39.00,1.10,123.00,12.00,39.00,1.10,49.00,12.00,39.00,1.10,60.00,5.00,39.00,1.10,3674.00,15.00,39.00,1.10
Mar-21,80,16,35,0.9,599,10,35,0.9,3332.00,25.00,35.00,0.90,123.00,15.00,35.00,0.90,36.00,9.00,35.00,0.90,96.00,7.00,35.00,0.90,38.00,10.00,35.00,0.90,122.00,9.00,35.00,0.90,3908.00,18.00,35.00,0.90
Mar-21,80,18,45,0.9,585,11,45,0.9,3465.00,26.00,45.00,0.90,84.00,8.00,45.00,0.90,35.00,9.00,45.00,0.90,133.00,9.00,45.00,0.90,47.00,12.00,45.00,0.90,116.00,8.00,45.00,0.90,5181.00,18.00,45.00,0.90
Mar-21,69,14,45,0.9,636,12,45,0.9,3741.00,29.00,45.00,0.90,93.00,9.00,45.00,0.90,58.00,12.00,45.00,0.90,163.00,11.00,45.00,0.90,54.00,15.00,45.00,0.90,94.00,7.00,45.00,0.90,5042.00,19.00,45.00,0.90
Mar-21,82,15,52,1,682,12,52,1,4777.00,31.00,52.00,1.00,56.00,8.00,52.00,1.00,51.00,14.00,52.00,1.00,147.00,10.00,52.00,1.00,47.00,10.00,52.00,1.00,116.00,9.00,52.00,1.00,5358.00,20.00,52.00,1.00
Apr-21,113,19,59,0.9,979,16,59,0.9,5178.00,29.00,59.00,0.90,135.00,14.00,59.00,0.90,51.00,12.00,59.00,0.90,157.00,10.00,59.00,0.90,44.00,11.00,59.00,0.90,138.00,11.00,59.00,0.90,6469.00,23.00,59.00,0.90
Apr-21,89,19,50,0.7,605,12,50,0.7,3472.00,31.00,50.00,0.70,160.00,22.00,50.00,0.70,51.00,12.00,50.00,0.70,121.00,11.00,50.00,0.70,51.00,13.00,50.00,0.70,93.00,7.00,50.00,0.70,6830.00,23.00,50.00,0.70
Apr-21,120,20,58,1,794,13,58,1,4972.00,30.00,58.00,1.00,139.00,17.00,58.00,1.00,60.00,12.00,58.00,1.00,180.00,15.00,58.00,1.00,71.00,15.00,58.00,1.00,77.00,6.00,58.00,1.00,5683.00,24.00,58.00,1.00
Apr-21,120,20,53,0.7,945,14,53,0.7,4782.00,28.00,53.00,0.70,158.00,19.00,53.00,0.70,77.00,13.00,53.00,0.70,193.00,12.00,53.00,0.70,49.00,9.00,53.00,0.70,124.00,8.00,53.00,0.70,7087.00,23.00,53.00,0.70
Apr-21,158,24,52,0.7,851,13,52,0.7,5009.00,29.00,52.00,0.70,165.00,14.00,52.00,0.70,82.00,19.00,52.00,0.70,195.00,9.00,52.00,0.70,73.00,15.00,52.00,0.70,138.00,8.00,52.00,0.70,7075.00,23.00,52.00,0.70
Apr-21,202,27,66,0.9,1068,16,66,0.9,4916.00,29.00,66.00,0.90,195.00,19.00,66.00,0.90,132.00,23.00,66.00,0.90,213.00,10.00,66.00,0.90,106.00,21.00,66.00,0.90,189.00,11.00,66.00,0.90,7213.00,21.00,66.00,0.90
Apr-21,160,24,63,0.8,1005,15,63,0.8,5065.00,27.00,63.00,0.80,175.00,17.00,63.00,0.80,98.00,18.00,63.00,0.80,267.00,18.00,63.00,0.80,82.00,17.00,63.00,0.80,159.00,10.00,63.00,0.80,7626.00,22.00,63.00,0.80
Apr-21,104,17,74,1.1,1031,16,74,1.1,5138.00,28.00,74.00,1.10,238.00,22.00,74.00,1.10,71.00,14.00,74.00,1.10,248.00,17.00,74.00,1.10,87.00,18.00,74.00,1.10,160.00,11.00,74.00,1.10,6854.00,21.00,74.00,1.10
Apr-21,111,24,63,0.8,789,13,63,0.8,4102.00,27.00,63.00,0.80,230.00,20.00,63.00,0.80,54.00,12.00,63.00,0.80,226.00,14.00,63.00,0.80,72.00,16.00,63.00,0.80,222.00,17.00,63.00,0.80,7462.00,24.00,63.00,0.80
Apr-21,121,24,77,1.4,740,13,77,1.4,4192.00,27.00,77.00,1.40,106.00,18.00,77.00,1.40,51.00,10.00,77.00,1.40,310.00,19.00,77.00,1.40,73.00,15.00,77.00,1.40,144.00,10.00,77.00,1.40,5343.00,20.00,77.00,1.40
Apr-21,150,23,78,1.3,973,15,78,1.3,3762.00,24.00,78.00,1.30,208.00,18.00,78.00,1.30,67.00,13.00,78.00,1.30,213.00,21.00,78.00,1.30,90.00,18.00,78.00,1.30,134.00,10.00,78.00,1.30,5819.00,20.00,78.00,1.30
Apr-21,109,19,83,1.2,916,12,83,1.2,3717.00,23.00,83.00,1.20,253.00,20.00,83.00,1.20,66.00,11.00,83.00,1.20,279.00,17.00,83.00,1.20,76.00,15.00,83.00,1.20,149.00,11.00,83.00,1.20,7201.00,21.00,83.00,1.20
Apr-21,143,33,69,1.1,766,18,69,1.1,3558.00,26.00,69.00,1.10,212.00,20.00,69.00,1.10,101.00,17.00,69.00,1.10,313.00,16.00,69.00,1.10,58.00,14.00,69.00,1.10,169.00,22.00,69.00,1.10,6028.00,18.00,69.00,1.10
Apr-21,107,26,96,1.9,499,19,96,1.9,2953.00,26.00,96.00,1.90,237.00,22.00,96.00,1.90,112.00,35.00,96.00,1.90,232.00,15.00,96.00,1.90,59.00,15.00,96.00,1.90,70.00,21.00,96.00,1.90,5185.00,21.00,96.00,1.90
Apr-21,66,18,94,2.2,613,25,94,2.2,2462.00,25.00,94.00,2.20,80.00,13.00,94.00,2.20,81.00,36.00,94.00,2.20,184.00,16.00,94.00,2.20,85.00,22.00,94.00,2.20,103.00,28.00,94.00,2.20,4192.00,21.00,94.00,2.20
Apr-21,115,20,101,2.3,498,19,101,2.3,2105.00,23.00,101.00,2.30,188.00,16.00,101.00,2.30,69.00,18.00,101.00,2.30,220.00,19.00,101.00,2.30,68.00,16.00,101.00,2.30,67.00,20.00,101.00,2.30,4417.00,23.00,101.00,2.30
Apr-21,135,31,101,2.9,514,18,101,2.9,2156.00,22.00,101.00,2.90,113.00,19.00,101.00,2.90,64.00,18.00,101.00,2.90,210.00,22.00,101.00,2.90,75.00,18.00,101.00,2.90,85.00,17.00,101.00,2.90,3473.00,21.00,101.00,2.90
Apr-21,164,25,102,2.8,778,15,102,2.8,2462.00,20.00,102.00,2.80,175.00,19.00,102.00,2.80,78.00,14.00,102.00,2.80,240.00,22.00,102.00,2.80,83.00,18.00,102.00,2.80,142.00,18.00,102.00,2.80,3698.00,19.00,102.00,2.80
Apr-21,99,19,112,2.6,703,13,112,2.6,2386.00,19.00,112.00,2.60,187.00,17.00,112.00,2.60,30.00,7.00,112.00,2.60,218.00,16.00,112.00,2.60,85.00,18.00,112.00,2.60,146.00,14.00,112.00,2.60,4271.00,18.00,112.00,2.60
Apr-21,150,30,91,2,735,13,91,2,2465.00,18.00,91.00,2.00,242.00,19.00,91.00,2.00,80.00,16.00,91.00,2.00,246.00,12.00,91.00,2.00,89.00,20.00,91.00,2.00,156.00,13.00,91.00,2.00,4559.00,17.00,91.00,2.00
Apr-21,126,26,95,2.2,679,12,95,2.2,2425.00,19.00,95.00,2.20,154.00,14.00,95.00,2.20,87.00,14.00,95.00,2.20,246.00,13.00,95.00,2.20,72.00,16.00,95.00,2.20,146.00,13.00,95.00,2.20,4280.00,15.00,95.00,2.20
Apr-21,82,15,98,2.4,706,13,98,2.4,1853.00,17.00,98.00,2.40,106.00,12.00,98.00,2.40,35.00,7.00,98.00,2.40,184.00,11.00,98.00,2.40,63.00,13.00,98.00,2.40,149.00,16.00,98.00,2.40,4014.00,15.00,98.00,2.40
Apr-21,92,23,88,2.4,498,12,88,2.4,1432.00,14.00,88.00,2.40,186.00,21.00,88.00,2.40,27.00,8.00,88.00,2.40,168.00,11.00,88.00,2.40,71.00,20.00,88.00,2.40,132.00,13.00,88.00,2.40,3629.00,14.00,88.00,2.40
Apr-21,91,23,83,3.1,405,12,83,3.1,1313.00,15.00,83.00,3.10,100.00,21.00,83.00,3.10,32.00,13.00,83.00,3.10,145.00,12.00,83.00,3.10,18.00,5.00,83.00,3.10,32.00,5.00,83.00,3.10,2697.00,13.00,83.00,3.10
Apr-21,77,15,101,3.5,507,10,101,3.5,2012.00,16.00,101.00,3.50,163.00,16.00,101.00,3.50,49.00,8.00,101.00,3.50,202.00,14.00,101.00,3.50,69.00,17.00,101.00,3.50,92.00,8.00,101.00,3.50,2922.00,13.00,101.00,3.50
Apr-21,83,17,97,2.9,690,12,97,2.9,1806.00,14.00,97.00,2.90,86.00,10.00,97.00,2.90,49.00,9.00,97.00,2.90,181.00,10.00,97.00,2.90,53.00,15.00,97.00,2.90,92.00,9.00,97.00,2.90,3306.00,13.00,97.00,2.90
Apr-21,95,21,78,2.6,612,11,78,2.6,1454.00,12.00,78.00,2.60,161.00,16.00,78.00,2.60,47.00,10.00,78.00,2.60,124.00,7.00,78.00,2.60,58.00,13.00,78.00,2.60,94.00,9.00,78.00,2.60,3031.00,13.00,78.00,2.60
Apr-21,81,18,77,2.6,481,10,77,2.6,1369.00,11.00,77.00,2.60,83.00,12.00,77.00,2.60,57.00,11.00,77.00,2.60,177.00,12.00,77.00,2.60,52.00,11.00,77.00,2.60,114.00,14.00,77.00,2.60,2955.00,10.00,77.00,2.60
Apr-21,58,13,88,3.8,522,10,88,3.8,1189.00,12.00,88.00,3.80,148.00,15.00,88.00,3.80,42.00,10.00,88.00,3.80,141.00,13.00,88.00,3.80,56.00,13.00,88.00,3.80,101.00,8.00,88.00,3.80,2341.00,9.00,88.00,3.80
Apr-21,57,15,57,2.6,379,10,57,2.6,761.00,10.00,57.00,2.60,108.00,15.00,57.00,2.60,25.00,7.00,57.00,2.60,121.00,8.00,57.00,2.60,32.00,14.00,57.00,2.60,57.00,7.00,57.00,2.60,2177.00,10.00,57.00,2.60
May-21,62,10,60,4.1,242,7,60,4.1,811.00,11.00,60.00,4.10,45.00,9.00,60.00,4.10,19.00,6.00,60.00,4.10,94.00,9.00,60.00,4.10,46.00,14.00,60.00,4.10,60.00,8.00,60.00,4.10,1452.00,10.00,60.00,4.10
May-21,83,15,69,5.1,332,8,69,5.1,733.00,9.00,69.00,5.10,64.00,13.00,69.00,5.10,25.00,7.00,69.00,5.10,131.00,9.00,69.00,5.10,30.00,14.00,69.00,5.10,72.00,9.00,69.00,5.10,1359.00,10.00,69.00,5.10
May-21,49,11,65,3.7,468,10,65,3.7,900.00,10.00,65.00,3.70,141.00,15.00,65.00,3.70,31.00,8.00,65.00,3.70,131.00,8.00,65.00,3.70,49.00,16.00,65.00,3.70,113.00,11.00,65.00,3.70,1739.00,9.00,65.00,3.70
May-21,52,12,61,3.2,377,8,61,3.2,860.00,10.00,61.00,3.20,84.00,11.00,61.00,3.20,65.00,12.00,61.00,3.20,116.00,6.00,61.00,3.20,58.00,13.00,61.00,3.20,105.00,10.00,61.00,3.20,1914.00,9.00,61.00,3.20
May-21,65,13,50,2.9,499,11,50,2.9,869.00,9.00,50.00,2.90,77.00,11.00,50.00,2.90,59.00,11.00,50.00,2.90,129.00,7.00,50.00,2.90,32.00,9.00,50.00,2.90,91.00,10.00,50.00,2.90,1742.00,9.00,50.00,2.90
May-21,33,8,41,2.3,439,9,41,2.3,968.00,11.00,41.00,2.30,51.00,9.00,41.00,2.30,30.00,7.00,41.00,2.30,98.00,8.00,41.00,2.30,22.00,8.00,41.00,2.30,83.00,8.00,41.00,2.30,1822.00,8.00,41.00,2.30
May-21,61,16,37,2.2,300,8,37,2.2,506.00,8.00,37.00,2.20,77.00,10.00,37.00,2.20,51.00,15.00,37.00,2.20,84.00,6.00,37.00,2.20,39.00,10.00,37.00,2.20,68.00,7.00,37.00,2.20,1682.00,10.00,37.00,2.20
May-21,34,6,45,3.5,310,9,45,3.5,644.00,10.00,45.00,3.50,59.00,13.00,45.00,3.50,37.00,10.00,45.00,3.50,97.00,8.00,45.00,3.50,20.00,10.00,45.00,3.50,57.00,7.00,45.00,3.50,1285.00,9.00,45.00,3.50
May-21,26,5,56,4,429,10,56,4,677.00,9.00,56.00,4.00,89.00,11.00,56.00,4.00,33.00,9.00,56.00,4.00,84.00,9.00,56.00,4.00,37.00,13.00,56.00,4.00,99.00,10.00,56.00,4.00,1386.00,8.00,56.00,4.00
May-21,45,11,38,2.5,300,8,38,2.5,526.00,9.00,38.00,2.50,96.00,13.00,38.00,2.50,16.00,5.00,38.00,2.50,94.00,17.00,38.00,2.50,37.00,14.00,38.00,2.50,194.00,13.00,38.00,2.50,1514.00,9.00,38.00,2.50
May-21,30,8,33,2.7,306,8,33,2.7,499.00,7.00,33.00,2.70,51.00,10.00,33.00,2.70,32.00,10.00,33.00,2.70,108.00,9.00,33.00,2.70,24.00,11.00,33.00,2.70,91.00,8.00,33.00,2.70,1230.00,9.00,33.00,2.70
May-21,38,13,40,3.5,409,12,40,3.5,458.00,9.00,40.00,3.50,93.00,15.00,40.00,3.50,22.00,9.00,40.00,3.50,86.00,5.00,40.00,3.50,39.00,16.00,40.00,3.50,58.00,14.00,40.00,3.50,1140.00,7.00,40.00,3.50
May-21,33,13,31,2.4,265,11,31,2.4,343.00,9.00,31.00,2.40,73.00,21.00,31.00,2.40,11.00,5.00,31.00,2.40,96.00,13.00,31.00,2.40,21.00,12.00,31.00,2.40,58.00,14.00,31.00,2.40,1290.00,10.00,31.00,2.40
May-21,25,20,26,3.1,85,7,26,3.1,89.00,6.00,26.00,3.10,17.00,35.00,26.00,3.10,4.00,3.00,26.00,3.10,52.00,19.00,26.00,3.10,,,26.00,3.10,17.00,8.00,26.00,3.10,848.00,11.00,26.00,3.10
May-21,10,8,22,8.4,84,5,22,8.4,141.00,5.00,22.00,8.40,26.00,13.00,22.00,8.40,8.00,9.00,22.00,8.40,56.00,23.00,22.00,8.40,9.00,7.00,22.00,8.40,13.00,4.00,22.00,8.40,261.00,7.00,22.00,8.40
May-21,25,11,25,6.9,169,7,25,6.9,262.00,5.00,25.00,6.90,53.00,20.00,25.00,6.90,13.00,8.00,25.00,6.90,67.00,27.00,25.00,6.90,22.00,14.00,25.00,6.90,51.00,12.00,25.00,6.90,363.00,7.00,25.00,6.90
May-21,47,13,32,4.6,356,9,32,4.6,461.00,6.00,32.00,4.60,100.00,15.00,32.00,4.60,14.00,5.00,32.00,4.60,115.00,16.00,32.00,4.60,35.00,15.00,32.00,4.60,67.00,8.00,32.00,4.60,698.00,7.00,32.00,4.60
May-21,32,8,30,2.4,456,9,30,2.4,481.00,6.00,30.00,2.40,157.00,17.00,30.00,2.40,19.00,5.00,30.00,2.40,151.00,9.00,30.00,2.40,33.00,14.00,30.00,2.40,110.00,16.00,30.00,2.40,1272.00,8.00,30.00,2.40
May-21,21,6,37,2.3,391,13,37,2.3,446.00,5.00,37.00,2.30,147.00,16.00,37.00,2.30,25.00,5.00,37.00,2.30,122.00,8.00,37.00,2.30,57.00,13.00,37.00,2.30,76.00,13.00,37.00,2.30,1608.00,8.00,37.00,2.30
May-21,37,9,36,2.5,359,9,36,2.5,508.00,7.00,36.00,2.50,155.00,17.00,36.00,2.50,17.00,4.00,36.00,2.50,163.00,10.00,36.00,2.50,51.00,13.00,36.00,2.50,102.00,15.00,36.00,2.50,1457.00,7.00,36.00,2.50
May-21,28,8,26,1.7,281,11,26,1.7,338.00,7.00,26.00,1.70,100.00,14.00,26.00,1.70,22.00,7.00,26.00,1.70,118.00,7.00,26.00,1.70,47.00,12.00,26.00,1.70,78.00,12.00,26.00,1.70,1504.00,8.00,26.00,1.70
May-21,25,7,38,3.7,334,12,38,3.7,374.00,6.00,38.00,3.70,74.00,20.00,38.00,3.70,18.00,5.00,38.00,3.70,139.00,10.00,38.00,3.70,33.00,12.00,38.00,3.70,42.00,11.00,38.00,3.70,1028.00,8.00,38.00,3.70
May-21,29,8,28,2.1,409,12,28,2.1,474.00,6.00,28.00,2.10,127.00,15.00,28.00,2.10,34.00,10.00,28.00,2.10,203.00,21.00,28.00,2.10,45.00,14.00,28.00,2.10,86.00,15.00,28.00,2.10,1354.00,9.00,28.00,2.10
May-21,55,14,25,1.7,407,13,25,1.7,420.00,6.00,25.00,1.70,160.00,20.00,25.00,1.70,40.00,10.00,25.00,1.70,167.00,10.00,25.00,1.70,54.00,13.00,25.00,1.70,133.00,17.00,25.00,1.70,1441.00,8.00,25.00,1.70
May-21,19,5,40,2.4,406,12,40,2.4,474.00,6.00,40.00,2.40,167.00,17.00,40.00,2.40,58.00,12.00,40.00,2.40,265.00,16.00,40.00,2.40,57.00,14.00,40.00,2.40,91.00,15.00,40.00,2.40,1675.00,10.00,40.00,2.40
May-21,22,3,17,1.1,263,10,17,1.1,428.00,7.00,17.00,1.10,150.00,20.00,17.00,1.10,39.00,11.00,17.00,1.10,172.00,19.00,17.00,1.10,41.00,11.00,17.00,1.10,69.00,12.00,17.00,1.10,1497.00,9.00,17.00,1.10
May-21,47,5,22,1.7,379,12,22,1.7,349.00,6.00,22.00,1.70,81.00,16.00,22.00,1.70,41.00,12.00,22.00,1.70,235.00,21.00,22.00,1.70,34.00,10.00,22.00,1.70,40.00,9.00,22.00,1.70,1292.00,8.00,22.00,1.70
May-21,130,29,31,2.3,230,9,31,2.3,374.00,7.00,31.00,2.30,140.00,17.00,31.00,2.30,41.00,12.00,31.00,2.30,75.00,8.00,31.00,2.30,31.00,12.00,31.00,2.30,103.00,18.00,31.00,2.30,1358.00,9.00,31.00,2.30
May-21,53,6,38,3.6,374,13,38,3.6,409.00,7.00,38.00,3.60,125.00,23.00,38.00,3.60,34.00,12.00,38.00,3.60,282.00,16.00,38.00,3.60,58.00,17.00,38.00,3.60,47.00,11.00,38.00,3.60,1043.00,8.00,38.00,3.60
May-21,20,2,34,2.4,402,12,34,2.4,442.00,6.00,34.00,2.40,204.00,21.00,34.00,2.40,45.00,12.00,34.00,2.40,234.00,29.00,34.00,2.40,70.00,17.00,34.00,2.40,109.00,19.00,34.00,2.40,1444.00,10.00,34.00,2.40
May-21,54,7,36,2.1,513,15,36,2.1,444.00,6.00,36.00,2.10,228.00,22.00,36.00,2.10,44.00,10.00,36.00,2.10,294.00,16.00,36.00,2.10,55.00,12.00,36.00,2.10,84.00,12.00,36.00,2.10,1710.00,9.00,36.00,2.10
Jun-21,28,8,41,2.3,369,11,41,2.3,418.00,5.00,41.00,2.30,232.00,21.00,41.00,2.30,27.00,8.00,41.00,2.30,341.00,14.00,41.00,2.30,82.00,18.00,41.00,2.30,118.00,16.00,41.00,2.30,1765.00,10.00,41.00,2.30
Jun-21,54,13,34,1.7,467,14,34,1.7,337.00,5.00,34.00,1.70,206.00,22.00,34.00,1.70,43.00,12.00,34.00,1.70,293.00,14.00,34.00,1.70,85.00,19.00,34.00,1.70,71.00,11.00,34.00,1.70,1988.00,10.00,34.00,1.70
Jun-21,78,10,30,1.8,454,13,30,1.8,469.00,6.00,30.00,1.80,320.00,29.00,30.00,1.80,78.00,19.00,30.00,1.80,266.00,20.00,30.00,1.80,55.00,12.00,30.00,1.80,76.00,12.00,30.00,1.80,1687.00,10.00,30.00,1.80
Jun-21,36,10,34,1.8,239,9,34,1.8,342.00,7.00,34.00,1.80,250.00,23.00,34.00,1.80,33.00,9.00,34.00,1.80,295.00,24.00,34.00,1.80,64.00,12.00,34.00,1.80,91.00,16.00,34.00,1.80,1887.00,10.00,34.00,1.80
Jun-21,18,6,43,3,309,12,43,3,361.00,6.00,43.00,3.00,167.00,21.00,43.00,3.00,32.00,12.00,43.00,3.00,385.00,24.00,43.00,3.00,100.00,23.00,43.00,3.00,53.00,10.00,43.00,3.00,1447.00,11.00,43.00,3.00
Jun-21,36,10,38,2.3,299,10,38,2.3,476.00,7.00,38.00,2.30,262.00,25.00,38.00,2.30,37.00,9.00,38.00,2.30,312.00,29.00,38.00,2.30,81.00,17.00,38.00,2.30,54.00,12.00,38.00,2.30,1676.00,11.00,38.00,2.30
Jun-21,48,12,30,1.5,341,10,30,1.5,589.00,9.00,30.00,1.50,413.00,31.00,30.00,1.50,32.00,7.00,30.00,1.50,356.00,20.00,30.00,1.50,110.00,24.00,30.00,1.50,71.00,10.00,30.00,1.50,1970.00,11.00,30.00,1.50
Jun-21,53,16,44,1.9,353,10,44,1.9,560.00,9.00,44.00,1.90,469.00,37.00,44.00,1.90,39.00,9.00,44.00,1.90,467.00,20.00,44.00,1.90,109.00,24.00,44.00,1.90,94.00,12.00,44.00,1.90,2322.00,12.00,44.00,1.90
Jun-21,26,7,36,1.4,406,12,36,1.4,629.00,9.00,36.00,1.40,415.00,33.00,36.00,1.40,50.00,11.00,36.00,1.40,375.00,16.00,36.00,1.40,114.00,24.00,36.00,1.40,102.00,15.00,36.00,1.40,2537.00,12.00,36.00,1.40
Jun-21,26,6,40,1.6,392,12,40,1.6,625.00,9.00,40.00,1.60,551.00,36.00,40.00,1.60,74.00,13.00,40.00,1.60,375.00,23.00,40.00,1.60,113.00,23.00,40.00,1.60,96.00,16.00,40.00,1.60,2576.00,13.00,40.00,1.60
Jun-21,28,8,43,1.8,231,11,43,1.8,467.00,9.00,43.00,1.80,383.00,31.00,43.00,1.80,31.00,8.00,43.00,1.80,273.00,21.00,43.00,1.80,104.00,24.00,43.00,1.80,50.00,12.00,43.00,1.80,2454.00,13.00,43.00,1.80
Jun-21,36,10,39,2.4,362,13,39,2.4,610.00,10.00,39.00,2.40,354.00,36.00,39.00,2.40,49.00,12.00,39.00,2.40,298.00,25.00,39.00,2.40,141.00,28.00,39.00,2.40,73.00,11.00,39.00,2.40,1637.00,14.00,39.00,2.40
Jun-21,52,12,47,1.9,608,18,47,1.9,795.00,11.00,47.00,1.90,548.00,38.00,47.00,1.90,59.00,12.00,47.00,1.90,380.00,30.00,47.00,1.90,140.00,27.00,47.00,1.90,87.00,13.00,47.00,1.90,2436.00,13.00,47.00,1.90
Jun-21,26,8,54,1.8,468,13,54,1.8,934.00,12.00,54.00,1.80,714.00,38.00,54.00,1.80,72.00,11.00,54.00,1.80,468.00,20.00,54.00,1.80,137.00,27.00,54.00,1.80,101.00,12.00,54.00,1.80,3050.00,15.00,54.00,1.80
Jun-21,45,11,50,1.5,561,15,50,1.5,960.00,12.00,50.00,1.50,680.00,39.00,50.00,1.50,67.00,15.00,50.00,1.50,464.00,27.00,50.00,1.50,411.00,32.00,50.00,1.50,91.00,10.00,50.00,1.50,3319.00,14.00,50.00,1.50
Jun-21,50,13,60,1.5,458,12,60,1.5,1133.00,14.00,60.00,1.50,659.00,40.00,60.00,1.50,77.00,13.00,60.00,1.50,466.00,22.00,60.00,1.50,197.00,27.00,60.00,1.50,102.00,14.00,60.00,1.50,3956.00,17.00,60.00,1.50
Jun-21,65,17,63,1.6,528,15,63,1.6,1157.00,14.00,63.00,1.60,798.00,41.00,63.00,1.60,125.00,21.00,63.00,1.60,517.00,23.00,63.00,1.60,222.00,36.00,63.00,1.60,89.00,15.00,63.00,1.60,3840.00,15.00,63.00,1.60
Jun-21,75,26,54,1.4,313,12,54,1.4,867.00,15.00,54.00,1.40,513.00,38.00,54.00,1.40,75.00,13.00,54.00,1.40,557.00,21.00,54.00,1.40,130.00,31.00,54.00,1.40,68.00,12.00,54.00,1.40,3883.00,19.00,54.00,1.40
Jun-21,108,16,67,2.2,421,14,67,2.2,999.00,15.00,67.00,2.20,484.00,30.00,67.00,2.20,86.00,14.00,67.00,2.20,570.00,28.00,67.00,2.20,151.00,34.00,67.00,2.20,126.00,18.00,67.00,2.20,3057.00,18.00,67.00,2.20
Jun-21,95,24,82,2.3,537,16,82,2.3,1446.00,16.00,82.00,2.30,691.00,37.00,82.00,2.30,130.00,21.00,82.00,2.30,592.00,44.00,82.00,2.30,156.00,40.00,82.00,2.30,83.00,11.00,82.00,2.30,3641.00,16.00,82.00,2.30
Jun-21,91,22,78,1.7,734,18,78,1.7,1477.00,16.00,78.00,1.70,739.00,42.00,78.00,1.70,111.00,17.00,78.00,1.70,524.00,24.00,78.00,1.70,145.00,28.00,78.00,1.70,119.00,15.00,78.00,1.70,4636.00,19.00,78.00,1.70
Jun-21,103,23,76,1.6,711,19,76,1.6,1720.00,20.00,76.00,1.60,616.00,46.00,76.00,1.60,124.00,19.00,76.00,1.60,702.00,22.00,76.00,1.60,724.00,36.00,76.00,1.60,138.00,17.00,76.00,1.60,4846.00,19.00,76.00,1.60
Jun-21,116,30,85,1.5,713,18,85,1.5,2073.00,20.00,85.00,1.50,680.00,48.00,85.00,1.50,120.00,19.00,85.00,1.50,569.00,22.00,85.00,1.50,387.00,32.00,85.00,1.50,138.00,18.00,85.00,1.50,5727.00,20.00,85.00,1.50
Jun-21,108,22,81,1.3,836,19,81,1.3,2155.00,20.00,81.00,1.30,1069.00,58.00,81.00,1.30,116.00,18.00,81.00,1.30,674.00,30.00,81.00,1.30,244.00,39.00,81.00,1.30,189.00,21.00,81.00,1.30,6058.00,20.00,81.00,1.30
Jun-21,71,22,108,1.8,460,16,108,1.8,1507.00,19.00,108.00,1.80,642.00,42.00,108.00,1.80,109.00,17.00,108.00,1.80,378.00,23.00,108.00,1.80,133.00,29.00,108.00,1.80,140.00,16.00,108.00,1.80,5869.00,21.00,108.00,1.80
Jun-21,139,31,77,1.8,815,20,77,1.8,2041.00,23.00,77.00,1.80,910.00,59.00,77.00,1.80,230.00,33.00,77.00,1.80,726.00,34.00,77.00,1.80,325.00,51.00,77.00,1.80,81.00,13.00,77.00,1.80,4334.00,23.00,77.00,1.80
Jun-21,174,33,119,2.3,1211,26,119,2.3,2743.00,23.00,119.00,2.30,1059.00,55.00,119.00,2.30,222.00,34.00,119.00,2.30,691.00,33.00,119.00,2.30,404.00,50.00,119.00,2.30,227.00,24.00,119.00,2.30,5268.00,22.00,119.00,2.30
Jun-21,162,34,104,1.2,988,20,104,1.2,2768.00,26.00,104.00,1.20,1116.00,54.00,104.00,1.20,231.00,34.00,104.00,1.20,913.00,29.00,104.00,1.20,368.00,40.00,104.00,1.20,257.00,25.00,104.00,1.20,8364.00,24.00,104.00,1.20
Jun-21,174,36,112,1.5,1177,23,112,1.5,2958.00,25.00,112.00,1.50,987.00,57.00,112.00,1.50,281.00,45.00,112.00,1.50,837.00,33.00,112.00,1.50,343.00,43.00,112.00,1.50,234.00,26.00,112.00,1.50,7666.00,24.00,112.00,1.50
Jun-21,163,38,115,1.3,1311,28,115,1.3,2843.00,29.00,115.00,1.30,726.00,53.00,115.00,1.30,213.00,31.00,115.00,1.30,847.00,32.00,115.00,1.30,559.00,34.00,115.00,1.30,183.00,24.00,115.00,1.30,8822.00,25.00,115.00,1.30
Jul-21,161,34,143,1.7,761,26,143,1.7,2253.00,34.00,143.00,1.70,559.00,61.00,143.00,1.70,195.00,40.00,143.00,1.70,488.00,36.00,143.00,1.70,322.00,43.00,143.00,1.70,275.00,32.00,143.00,1.70,8301.00,26.00,143.00,1.70
Jul-21,2,4,132,1.6,163,19,132,1.6,403.00,26.00,132.00,1.60,100.00,38.00,132.00,1.60,18.00,23.00,132.00,1.60,53.00,11.00,132.00,1.60,40.00,51.00,132.00,1.60,3.00,10.00,132.00,1.60,8483.00,28.00,132.00,1.60
